Sequence,rel_affinity_LibU,rel_affinity_LibM,label,ddg_LibU,ddg_LibM,IDEA_LibU,IDEA_LibM,ddg_IDEA_LibU,ddg_IDEA_LibM
GTTGCGCAAC,0.980408918,1.0,CG,6.348115948,6.367901479,-36.873222,-39.455166,25.327621,27.909565
ATTGCGCAAC,1.0,0.890077045,CG,6.367901479,6.251454227,-39.180747,-41.762692,27.635146,30.217091000000003
ATTGCGCAAT,0.929147653,0.854187121,CG,6.294413864,6.210296481,-44.903028,-47.484972,33.357427,35.939371
GTTACGCAAC,0.724145392,0.764923972,CG,6.04513839,6.099922646,-25.816023,-28.397967,14.270422000000002,16.852366000000004
GTTACGCAAT,0.714400708,0.758956979,CG,6.031590221,6.092091295,-31.538303,-34.120248,19.992702,22.574647
ATTACGCAAT,0.774049528,0.75737587,CG,6.111782061,6.090005856,-33.845829,-36.427773,22.300228000000004,24.882172000000004
ATTACGCAAC,0.76216241,0.646768686,CG,6.09630587,5.932134913,-28.123548,-30.705492,16.577947,19.159891000000002
CTTGCGCAAC,0.494159962,0.632383366,CG,5.663005475,5.909642002,-38.457297,-41.039241,26.911696,29.49364
CTTGCGCAAT,0.530675602,0.603331094,CG,5.734297116,5.862612324,-44.179577,-46.761522,32.633976000000004,35.215921
ATTGCGACAT,0.377588928,0.57843973,CG,5.393952312,5.820480558,-44.888183,-47.470127,33.342582,35.924526
ATTGCGTCAT,0.539184144,0.573353121,CG,5.750203353,5.811647994,-44.877907,-47.459852,33.332306,35.914251
CTTACGCAAT,0.399321183,0.516303236,CG,5.449912263,5.70684046,-33.122378,-35.704322,21.576777,24.158721
GTTGCGACAT,0.284416007,0.5008052,CG,5.11058418,5.676363403,-42.580657,-45.162602,31.035056000000004,33.617001
ATTGCGTCAC,0.458463704,0.467087661,CG,5.588027326,5.606663151,-39.155627,-41.737571,27.610026000000005,30.191970000000005
GTTGCGTCAT,0.417958576,0.460437554,CG,5.495528527,5.592323442,-42.570382,-45.152326,31.024781000000004,33.606725000000004
ATTACGTAAT,0.449840461,0.431232836,CG,5.569039189,5.526794367,-33.863411,-36.445355,22.31781,24.899754
ATTACGCAAG,0.396451909,0.426650055,CG,5.442700945,5.516110334,-14.612851,-17.194796,3.0672499999999996,5.649195000000001
ATTACGTAAC,0.445728969,0.425246835,CG,5.559857275,5.512815989,-28.141131,-30.723075,16.595530000000004,19.177474000000004
GTTACGTAAC,0.404421952,0.419306914,CG,5.462604969,5.498749344,-25.833605,-28.41555,14.288003999999999,16.869949
GTTTCGCAAC,0.266659006,0.405712305,CG,5.046116911,5.4657905,-28.742017,-31.323962,17.196416,19.778361000000004
GTGTCGCAAT,0.221263497,0.405529788,CG,4.859500486,5.465340531,-31.507455,-34.089399,19.961854000000002,22.543798000000002
CTTGCGTAAC,0.332534463,0.40467119,CG,5.266889703,5.463221061,-38.474879,-41.056823,26.929278000000004,29.511222000000004
GTTTCGCAAT,0.2542155,0.384339563,CG,4.998328533,5.411672641,-34.464298,-37.046242,22.918697,25.500641
CTTACGCAAC,0.330077139,0.382416069,CG,5.259472582,5.406655402,-27.400097,-29.982042,15.854496,18.436441000000002
ATTTCGCAAT,0.333051615,0.376890226,CG,5.268443678,5.392100168,-36.771823,-39.353767,25.226222,27.808166
GTTGCGTCAC,0.310539566,0.363559393,CG,5.19845752,5.356088876,-36.848101,-39.430046,25.302500000000002,27.884445
GTGTCGCAAC,0.203864194,0.360512452,CG,4.777600257,5.347672697,-25.785174,-28.367119,14.239573000000002,16.821517999999998
CTTGCGCAAG,0.220007214,0.348379932,CG,4.853806537,5.313439843,-24.9466,-27.528544,13.400999,15.982943
ATTACGTCAT,0.30517295,0.323328105,CG,5.181024865,5.238813813,-33.820708,-36.402653,22.275107000000006,24.857052000000003
ATTGTGCAAT,0.271764139,0.31919122,non-CG,5.065080754,5.225936559,-57.125913,-57.125913,45.580312,45.580312
ATTTCGCAAC,0.300869867,0.307325153,CG,5.166824036,5.188052518,-31.049543,-33.631487,19.503942000000002,22.085886000000002
ATTGCGCCAT,0.238483528,0.306194518,CG,4.934446443,5.18436678,-44.860325,-47.442269,33.314724000000005,35.896668000000005
CTTGCGACAT,0.128138313,0.281855651,CG,4.313256451,5.101541264,-44.164732,-46.746676,32.619131,35.201075
ATTACGACAT,0.187641666,0.271017769,CG,4.694680312,5.062330587,-33.830984,-36.412928,22.285383000000003,24.867327000000003
GTTACGACAT,0.140443962,0.269658473,CG,4.404954762,5.057302444,-31.523458,-34.105402,19.977857,22.559801
CTTGCGTCAT,0.199324981,0.263800851,CG,4.755082763,5.035340666,-44.154457,-46.736401,32.608856,35.1908
GTTACGTCAT,0.229149911,0.248824133,CG,4.894522623,4.976892554,-31.513183,-34.095127,19.967582,22.549526
CTTACGTAAT,0.199973266,0.238777116,CG,4.758329888,4.935676748,-33.139961,-35.721905,21.59436,24.176304000000002
ATTGCACAAC,0.215280215,0.235062944,non-CG,4.832086705,4.919999525,-43.567498,-43.567498,32.021897,32.021897
GTTGCACAAT,0.190714037,0.22629686,non-CG,4.710921318,4.881993877,-46.982253,-46.982253,35.436652,35.436652
CTTACGCAAG,0.156047332,0.223392406,CG,4.510305572,4.869076093,-13.889401,-16.471345,2.3438,4.925744
ATTGCATCAT,0.207642536,0.219938333,non-CG,4.795964225,4.853493403,-49.264658,-49.264658,37.719057,37.719057
ATTACGTCAC,0.225077073,0.217944323,CG,4.87658909,4.844385831,-28.098428,-30.680372,16.552827,19.134771
GTTGCGCCAT,0.139780642,0.216766756,CG,4.400220551,4.838968119,-42.5528,-45.134744,31.007199,33.589143
CTTACGTAAC,0.187918194,0.212594671,CG,4.69615293,4.8195336,-27.41768,-29.999624,15.872079000000001,18.454023
TTTGCGCAAT,0.151499843,0.208941621,CG,4.480730789,4.802201088,-46.530827,-49.112772,34.985226000000004,37.567171
ATTACGCCAT,0.132621392,0.206049883,CG,4.347644592,4.78826449,-33.803126,-36.38507,22.257525,24.839469
CTTTCGCAAT,0.129506708,0.204245686,CG,4.323878879,4.779469813,-36.048373,-38.630317,24.502772,27.084716
GTTGTGCAAC,0.183022881,0.200643673,non-CG,4.669757378,4.761676764,-49.096107,-49.096107,37.550506000000006,37.550506000000006
GTTACGTCAC,0.177400353,0.180536532,CG,4.63855526,4.656079351,-25.790902,-28.372847,14.245301,16.827246000000002
CTTTCGCAAC,0.111328497,0.177267612,CG,4.172631463,4.637806723,-30.326092,-32.908036,18.780490999999998,21.362435000000005
CTTGCGTCAC,0.13620501,0.173034773,CG,4.374307377,4.613638774,-38.432176,-41.014121,26.886575,29.468520000000005
CTTGCGACAC,0.058688638,0.169184803,CG,3.532392348,4.591137827,-38.442452,-41.024396,26.896851000000005,29.478795000000005
GTTTCGCAAG,0.08240342,0.16883624,CG,3.871773141,4.589075451,-15.231321,-17.813265,3.68572,6.267664000000002
ATTTCGCAAG,0.112298527,0.163277191,CG,4.181306945,4.555595515,-17.538846,-20.12079,5.993245,8.575189
TTTGCGCAAC,0.122755094,0.162286144,CG,4.270337465,4.549507298,-40.808547,-43.390491,29.262946,31.84489
ATTTCGTAAT,0.133163533,0.161559972,CG,4.351724145,4.545022618,-36.789406,-39.37135,25.243805000000002,27.825749000000002
TTTACGCAAT,0.129831376,0.161271688,CG,4.326382701,4.543236646,-35.473628,-38.055573,23.928027,26.509972000000005
ATTATGCAAT,0.136331702,0.158099711,non-CG,4.375237102,4.523372116,-46.068714,-46.068714,34.523113,34.523113
ATTTCGTAAC,0.127018496,0.156450191,CG,4.304478914,4.512883891,-31.067125,-33.649069,19.521524,22.103468
ATTGCGCCAC,0.110512051,0.156383327,CG,4.165270774,4.512456418,-39.138044,-41.719989,27.592443000000003,30.174388
GTTTCGTAAC,0.104688912,0.155104241,CG,4.11113941,4.504243614,-28.7596,-31.341544,17.213999,19.795943
CTGTCGCAAT,0.067904865,0.151154328,CG,3.678253882,4.478447555,-33.09153,-35.673474,21.545929,24.127873
ATTGCATCAC,0.15803639,0.151139941,non-CG,4.522971523,4.478352369,-43.542377,-43.542377,31.996776000000004,31.996776000000004
GTGTCGTAAT,0.088944617,0.149026407,CG,3.948160095,4.464269719,-31.525037,-34.106982,19.979436,22.561381000000004
ATTGCAACAT,0.109887461,0.145492099,non-CG,4.15960296,4.440267983,-49.274933,-49.274933,37.729332,37.729332
ATTGCGTCAG,0.128545721,0.144354083,CG,4.316430847,4.432415391,-25.64493,-28.226875,14.099329,16.681274000000002
GTTTCGTAAT,0.091169697,0.143488998,CG,3.972868772,4.426404563,-34.48188,-37.063825,22.936279,25.518224000000004
ATTGCTCAAT,0.115625319,0.139893766,non-CG,4.210501155,4.40102952,-50.925072,-50.925072,39.379471,39.379471
GTTGCATCAT,0.131300351,0.135504994,non-CG,4.337633655,4.369154696,-46.957132,-46.957132,35.411531000000004,35.411531000000004
GTTACGACAC,0.061192433,0.132040576,CG,3.574169738,4.343255469,-25.801178,-28.383122,14.255577,16.837521000000002
ATTACACAAT,0.114955603,0.131523399,non-CG,4.204692193,4.339330975,-38.232579,-38.232579,26.686978000000003,26.686978000000003
TTTACGCAAC,0.098741956,0.129552457,CG,4.052656142,4.324232073,-29.751348,-32.333292,18.205747000000002,20.787691000000002
GTTACACAAT,0.105721375,0.129027205,non-CG,4.120953296,4.320169474,-35.925054,-35.925054,24.379453000000005,24.379453000000005
ATTTCGACAT,0.0599749,0.127917116,CG,3.554072342,4.311528723,-36.756978,-39.338922,25.211377,27.793321
ATTGCATAAC,0.123701048,0.127153324,non-CG,4.278013952,4.305539834,-43.58508,-43.58508,32.039479,32.039479
GTTGCGCCAC,0.071052084,0.120632588,CG,3.723559386,4.252895664,-36.830519,-39.412463,25.284918000000005,27.866862000000005
CTTACGTCAT,0.120468825,0.120573744,CG,4.251537206,4.252407749,-33.097258,-35.679202,21.551657,24.133601
ATTATGCAAC,0.114466744,0.118006429,non-CG,4.200430536,4.230885306,-40.346434,-40.346434,28.800833000000004,28.800833000000004
GTTATGCAAC,0.111932315,0.11726389,non-CG,4.178040558,4.224573065,-38.038908,-38.038908,26.493307,26.493307
GTTACGCCAT,0.092739424,0.117104987,CG,3.989939868,4.223217057,-31.4956,-34.077545,19.949999,22.531944000000003
ATTTCGTCAT,0.103724508,0.116979143,CG,4.101884623,4.222141854,-36.746703,-39.328647,25.201102,27.783046
ATTGGGCAAT,0.099397897,0.115799044,non-CG,4.059277157,4.21200251,-51.750807,-51.750807,40.205206000000004,40.205206000000004
ATTACGCAAA,0.087407533,0.112753149,CG,3.930727669,4.185347107,-43.586223,-46.168167,32.040622,34.622566
CTTACGACAT,0.05333993,0.10925465,CG,3.436831407,4.153827596,-33.107533,-35.689477,21.561932,24.143876
ATGTTGCAAC,0.106550573,0.106771662,non-CG,4.128765936,4.130838754,-40.315585,-40.315585,28.769984,28.769984
CTTACGTAAG,0.096201799,0.1065595,CG,4.026594258,4.128849715,-13.906983,-16.488928,2.3613820000000008,4.943327000000002
CTTGCACAAT,0.086656406,0.103355364,non-CG,3.922097143,4.098319386,-48.566328,-48.566328,37.020727,37.020727
CTGTCGCAAC,0.043680818,0.102772484,CG,3.237055259,4.092663852,-27.369249,-29.951193,15.823648,18.405592
ATGACGTCAT,0.065432969,0.09819262,CG,3.641172445,4.04707726,-30.863865,-33.44581,19.318264,21.900209000000004
ATTTCACAAT,0.074484814,0.09714469,non-CG,3.770741466,4.036347717,-41.158574,-41.158574,29.612973000000004,29.612973000000004
ATTACACAAC,0.097040922,0.096859136,non-CG,4.035278966,4.033403917,-32.510298,-32.510298,20.964697,20.964697
GTTTCGACAT,0.041155831,0.096737042,CG,3.177511818,4.03214259,-34.449453,-37.031397,22.903852,25.485796
ATTGCAACAC,0.088900494,0.093804837,non-CG,3.947663899,4.001362622,-43.552653,-43.552653,32.007052,32.007052
GTTGCATCAC,0.100889494,0.09243144,non-CG,4.074171999,3.986613381,-41.234852,-41.234852,29.689251,29.689251
CTTGTGCAAT,0.077394543,0.092387989,non-CG,3.809062474,3.986143181,-56.402463,-56.402463,44.856862,44.856862
GTTACACAAC,0.069932059,0.091373739,non-CG,3.707670385,3.975104318,-30.202773,-30.202773,18.657172000000003,18.657172000000003
CTTTCGCAAG,0.041212048,0.091369993,CG,3.178876841,3.975063321,-16.815395,-19.39734,5.269793999999999,7.851739
GTTACGCAAA,0.059980579,0.090387209,CG,3.554167027,3.964248964,-41.278698,-43.860642,29.733097,32.315041
GTGTTGCAAC,0.072525044,0.086986535,non-CG,3.744078137,3.925899537,-38.00806,-38.00806,26.462459000000003,26.462459000000003
ATTGCTCAAC,0.090652962,0.086329768,non-CG,3.967184812,3.918320675,-45.202792,-45.202792,33.657191000000005,33.657191000000005
ATTGAGCAAC,0.087301152,0.086198106,non-CG,3.929509859,3.916794405,-38.403439,-38.403439,26.857838,26.857838
GTTGCGTCAG,0.079902528,0.086146645,CG,3.840953692,3.916197219,-23.337405,-25.919349,11.791804,14.373748
CTTGCACAAC,0.064274136,0.085421532,non-CG,3.623303511,3.9077444,-42.844047,-42.844047,31.298446000000006,31.298446000000006
CTTGCGCCAT,0.049314285,0.084810524,CG,3.358359996,3.900565839,-44.136874,-46.718819,32.591273,35.173218000000006
ATTACATCAT,0.07579913,0.083428658,non-CG,3.788233015,3.884138072,-38.207459,-38.207459,26.661858000000002,26.661858000000002
ATTGCCTAAT,0.061595999,0.079056227,non-CG,3.580743117,3.830305534,-47.55127,-47.55127,36.005669000000005,36.005669000000005
ATTTCGTCAC,0.073462833,0.076758691,CG,3.756925805,3.800812818,-31.024422,-33.606367,19.478821000000003,22.060766
CTTACGTCAC,0.076236048,0.072343504,CG,3.793980622,3.741571863,-27.374977,-29.956921,15.829376000000002,18.411320000000003
ATTACGCCAC,0.056795179,0.072137322,CG,3.499597646,3.738717753,-28.080845,-30.66279,16.535244,19.117189000000003
ATTACGAAAG,0.035827286,0.07189926,CG,3.038855982,3.735412173,-14.640709,-17.222654,3.0951079999999997,5.677052999999999
ATTTCGACAC,0.045087266,0.071789575,CG,3.268746056,3.733885471,-31.034697,-33.616642,19.489096000000004,22.071041
CTTACGAAAT,0.040252185,0.070733451,CG,3.155310488,3.719064801,-33.150236,-35.73218,21.604635000000002,24.186579000000002
GTTTCACAAT,0.055216674,0.068788856,non-CG,3.471411173,3.691187955,-38.851048,-38.851048,27.305447,27.305447
ATTTCACAAC,0.065438904,0.068744655,non-CG,3.641263144,3.690545188,-35.436293,-35.436293,23.890692,23.890692
GTTGCCCAAT,0.06449289,0.068311717,non-CG,3.626701185,3.684227504,-45.226162,-45.226162,33.680561000000004,33.680561000000004
GTTTCGTCAT,0.057634251,0.068033965,CG,3.514263227,3.680153266,-34.439177,-37.021122,22.893576000000003,25.475521
ATTTCGAAAT,0.045422733,0.067538296,CG,3.276158907,3.672840985,-36.799681,-39.381625,25.254080000000002,27.836024000000002
GTTTCGACAC,0.025524969,0.066251337,CG,2.69980335,3.653601846,-28.727172,-31.309116,17.181570999999998,19.763514999999998
GTTGAGCAAC,0.060405064,0.065980657,non-CG,3.561219143,3.649507824,-36.095914,-36.095914,24.550313000000003,24.550313000000003
CTTGCGCAAA,0.042440197,0.064604041,CG,3.208242156,3.628423163,-53.919972,-56.501916,42.374371000000004,44.956315000000004
ATTACGTAAA,0.059255815,0.064217479,CG,3.542010119,3.622421632,-43.603806,-46.18575,32.058205,34.640149
CTTACGACAC,0.025140646,0.06335869,CG,2.684632099,3.608958272,-27.385252,-29.967197,15.839651000000002,18.421596
GTTTCGAAAC,0.022171341,0.061882008,CG,2.558946709,3.585375675,-28.769875,-31.351819,17.224274,19.806218
GTTTCGAAAT,0.028312524,0.060369859,CG,2.803450451,3.560636157,-34.492155,-37.0741,22.946554,25.528499000000004
ATTTCGCCAT,0.043855107,0.059590965,CG,3.241037377,3.547650169,-36.72912,-39.311065,25.183519000000004,27.765464
CTTACGAAAC,0.022438984,0.059268974,CG,2.570946004,3.542232165,-27.427955,-30.0099,15.882354000000001,18.464298999999997
ATTGCCCAAC,0.064834011,0.058888369,non-CG,3.631976527,3.535789801,-41.811407,-41.811407,30.265806000000005,30.265806000000005
TTTTCGCAAT,0.021106211,0.058591899,CG,2.509713558,3.530742645,-38.399623,-40.981567,26.854022,29.435966
CTGACGTAAT,0.048848972,0.058418979,CG,3.348879534,3.52778702,-30.183118,-32.765062,18.637517000000003,21.219461000000003
CTTTCGTAAC,0.040005578,0.057852333,CG,3.149165095,3.518039981,-30.343675,-32.925619,18.798074,21.380018
CTTATGCAAT,0.05481088,0.057537586,non-CG,3.464034915,3.512584604,-45.345264,-45.345264,33.799663,33.799663
ATGACGCCAT,0.032803328,0.057478067,CG,2.950676174,3.511549632,-30.846283,-33.428227,19.300682000000002,21.882626000000002
ATTGCGTCAA,0.048031744,0.056798866,CG,3.332008326,3.499662561,-54.618302,-57.200246,43.072701,45.654645
CTTGTGCAAC,0.051647942,0.056142035,non-CG,3.40459655,3.488031019,-50.680182,-50.680182,39.134581000000004,39.134581000000004
CTTACACAAT,0.044306266,0.055647848,non-CG,3.251272312,3.479189607,-37.509128,-37.509128,25.963527,25.963527
CTTGCATCAT,0.05808146,0.055461059,non-CG,3.521992708,3.475827335,-48.541207,-48.541207,36.995606,36.995606
ATTGTGACAT,0.053615034,0.055313561,non-CG,3.441975714,3.473164305,-57.111068,-57.111068,45.565467000000005,45.565467000000005
ATTACTCAAT,0.047931604,0.054715868,non-CG,3.329921278,3.462299959,-39.867873,-39.867873,28.322272000000005,28.322272000000005
GTTTCGTCAC,0.047787124,0.053336176,CG,3.326902431,3.436761025,-28.716897,-31.298841,17.171295999999998,19.753239999999998
ATTGCTTAAT,0.043666835,0.052083487,non-CG,3.23673509,3.412994151,-50.942655,-50.942655,39.397054000000004,39.397054000000004
ATTACATCAC,0.059455464,0.052023978,non-CG,3.545373728,3.411850928,-32.485178,-32.485178,20.939577,20.939577
TTTACGCAAG,0.031894824,0.051945937,CG,2.92258994,3.410349705,-16.240651,-18.822595,4.69505,7.276994
GTTACATCAT,0.051789401,0.051429002,non-CG,3.407331715,3.400348455,-35.899933,-35.899933,24.354332,24.354332
ATGACGTCAC,0.048052314,0.051236949,CG,3.332436493,3.396607132,-25.141585,-27.723529,13.595984,16.177928
ATTGCCTCAT,0.05182356,0.051135276,non-CG,3.407991072,3.394620792,-47.508568,-47.508568,35.962967,35.962967
ATTGCACCAT,0.061359675,0.050062398,non-CG,3.576899061,3.373416388,-49.247075,-49.247075,37.701474000000005,37.701474000000005
TTTACGTAAC,0.038377154,0.049921463,CG,3.107608535,3.370597231,-29.76893,-32.350875,18.223329,20.805274000000004
ATTACATAAT,0.043283213,0.049410971,non-CG,3.227911069,3.360318685,-38.250162,-38.250162,26.704561000000005,26.704561000000005
ATTTCATCAT,0.045324116,0.049251539,non-CG,3.273985453,3.357086816,-41.133453,-41.133453,29.587852000000005,29.587852000000005
ATTACGACAG,0.026076001,0.047713256,CG,2.72116159,3.325355463,-14.598006,-17.179951,3.0524050000000003,5.6343499999999995
GTTACGCCAC,0.038213043,0.047676081,CG,3.103323097,3.324576026,-25.77332,-28.355264,14.227718999999999,16.809663
ATTACCCAAT,0.052828545,0.046063502,non-CG,3.42719787,3.290167123,-36.476489,-36.476489,24.930888000000003,24.930888000000003
GTTTCACAAC,0.037095151,0.045563032,non-CG,3.07363246,3.279242886,-33.128768,-33.128768,21.583167000000003,21.583167000000003
ATTGCATCAG,0.042963571,0.045298421,non-CG,3.220498771,3.273418376,-30.031681,-30.031681,18.48608,18.48608
CTTACGCCAT,0.034689611,0.043574863,CG,3.006586447,3.234626648,-33.079675,-35.66162,21.534074000000004,24.116019
GTTGCACCAT,0.03250896,0.042236568,non-CG,2.941661944,3.203432586,-46.93955,-46.93955,35.393949,35.393949
GTTGGGCAAC,0.041433544,0.042036969,non-CG,3.184236994,3.198695646,-43.721001,-43.721001,32.1754,32.1754
CTTGCATCAC,0.035104096,0.041858761,non-CG,3.018464019,3.194447318,-42.818927,-42.818927,31.273326000000004,31.273326000000004
GTTACGTCAG,0.037640786,0.040945253,CG,3.088234397,3.172382082,-12.280206,-14.86215,0.7346050000000002,3.316549
CTGTCGCAAG,0.018105876,0.040913774,CG,2.356382727,3.171612979,-13.858552,-16.440497,2.312951,4.894896000000001
CTTGCATAAT,0.031313816,0.04067993,non-CG,2.904205606,3.165881051,-48.58391,-48.58391,37.038309000000005,37.038309000000005
ATTATGTAAC,0.045048052,0.040380914,non-CG,3.267875942,3.158503448,-40.364016,-40.364016,28.818415,28.818415
CTTGCGTCAG,0.033834505,0.040014556,CG,2.98162734,3.149389488,-24.92148,-27.503424,13.375879,15.957823
GTTTCGCCAT,0.025372696,0.03989245,CG,2.693819835,3.146333283,-34.421595,-37.003539,22.875994000000006,25.457938000000006
ATTGAGTAAC,0.031668878,0.039141816,non-CG,2.915480632,3.127337559,-38.421022,-38.421022,26.875421000000003,26.875421000000003
ATTGCTTCAT,0.035663683,0.039064187,non-CG,3.034279088,3.125352314,-50.899952,-50.899952,39.354351,39.354351
GTGACGTCAC,0.030905988,0.038730048,CG,2.891096152,3.116761933,-22.834059,-25.416004,11.288458,13.870403000000001
TTTTCGCAAC,0.019588684,0.038535311,CG,2.435098253,3.11172119,-32.677342,-35.259287,21.131741000000005,23.713686000000003
ATGTTGTAAT,0.038436511,0.038509696,non-CG,3.109154015,3.111056254,-46.055448,-46.055448,34.509847,34.509847
GTTGTGACAT,0.03180753,0.038238318,non-CG,2.919849254,3.103984302,-54.803543,-54.803543,43.257942,43.257942
GTTGCCTAAT,0.029513525,0.037905876,non-CG,2.844994833,3.09525234,-45.243745,-45.243745,33.698144,33.698144
ATTGCCTAAC,0.044483101,0.037833504,non-CG,3.255255564,3.093341259,-41.82899,-41.82899,30.283389,30.283389
ATTACATAAC,0.048290096,0.037662334,non-CG,3.337372688,3.088806697,-32.527881,-32.527881,20.982280000000003,20.982280000000003
GTGGCGCAAG,0.018851835,0.037511441,CG,2.396756457,3.08479218,-20.405682,-22.987627,8.860081,11.442026
ATTGCTTAAC,0.036568844,0.037321415,non-CG,3.059342821,3.079713491,-45.220374,-45.220374,33.674773,33.674773
CTTATGCAAC,0.036682463,0.037088149,non-CG,3.062444994,3.073443685,-39.622983,-39.622983,28.077382,28.077382
ACTGCGCAAT,0.017034776,0.036868553,CG,2.295403102,3.067505166,-44.19643,-46.778375,32.650829,35.232774
CTTACACAAC,0.031059571,0.036799152,non-CG,2.896053206,3.065621002,-31.786848,-31.786848,20.241247,20.241247
CTTTCGTCAT,0.030491573,0.036629095,CG,2.877596551,3.06098907,-36.023252,-38.605197,24.477651,27.059596
GTTACATCAC,0.033998326,0.036411662,non-CG,2.986457488,3.055035308,-30.177653,-30.177653,18.632052,18.632052
ATTTCCCAAT,0.024694586,0.036392731,non-CG,2.66673023,3.054515257,-39.402483,-39.402483,27.856882,27.856882
ATGACGCAAA,0.016692698,0.035967346,CG,2.275117578,3.042757671,-40.62938,-43.211324,29.083779,31.665723
TTTGCGTAAG,0.020807473,0.035280599,CG,2.495458401,3.02347941,-27.315433,-29.897377,15.769832,18.351776
CTTGTGTAAT,0.028108861,0.035208748,non-CG,2.796231065,3.021440775,-56.420045,-56.420045,44.874444000000004,44.874444000000004
CTTGCTCAAT,0.024257092,0.034859764,non-CG,2.648855228,3.01147947,-50.201622,-50.201622,38.656021,38.656021
ATTTCATCAC,0.02960711,0.034853256,non-CG,2.848160735,3.011292762,-35.411173,-35.411173,23.865572,23.865572
CTTGTGCAAG,0.022938278,0.034506732,non-CG,2.592953244,3.001300636,-37.169486,-37.169486,25.623885,25.623885
ATTCCGCAAT,0.011701948,0.034265469,CG,1.919901524,2.994284313,-33.301733,-35.883678,21.756132,24.338077000000006
CTTGCATAAC,0.037970047,0.03339497,non-CG,3.096943812,2.96855149,-42.86163,-42.86163,31.316029,31.316029
ATTACTCAAC,0.030499306,0.033376054,non-CG,2.877850129,2.967984897,-34.145593,-34.145593,22.599992,22.599992
GTTACGACAG,0.02060674,0.033166873,CG,2.485764407,2.961697777,-12.290481,-14.872425,0.7448800000000002,3.3268240000000002
ATTTCGCAAA,0.017500401,0.032844736,CG,2.322369995,2.951937689,-46.512218,-49.094162,34.966617,37.548561
ACTACGCAAT,0.015269677,0.032771044,CG,2.186015167,2.949691521,-33.139231,-35.721175,21.593630000000005,24.175574000000005
CTTTCGAAAT,0.011345666,0.032611647,CG,1.888982021,2.944815695,-36.07623,-38.658175,24.530629000000005,27.112574000000002
ATGTTGTAAC,0.036960276,0.032304767,non-CG,3.069989914,2.935361005,-40.333168,-40.333168,28.787567000000003,28.787567000000003
GTTATGTAAC,0.033748859,0.031914738,non-CG,2.97909281,2.92321411,-38.056491,-38.056491,26.510890000000003,26.510890000000003
GTTACCCAAT,0.029618827,0.031638,non-CG,2.848556407,2.91450513,-34.168963,-34.168963,22.623362,22.623362
CTTGCCCAAT,0.028097523,0.031060916,non-CG,2.795827623,2.896096509,-46.810237,-46.810237,35.264636,35.264636
TTTGCGAAAC,0.008649825,0.030284318,CG,1.61768529,2.870776221,-40.836405,-43.418349,29.290804,31.872748
ATTGCGCCAG,0.020873273,0.03021327,CG,2.498615737,2.868427432,-25.627348,-28.209292,14.081747000000002,16.663691
GTGTCACAAT,0.018359864,0.029974425,non-CG,2.370313178,2.860490718,-35.894205,-35.894205,24.348604,24.348604
GTTAGGCAAC,0.025845564,0.029237546,non-CG,2.712285181,2.835599905,-32.663802,-32.663802,21.118201,21.118201
ATTGCTTCAC,0.025415437,0.029004245,non-CG,2.695502946,2.827588399,-45.177671,-45.177671,33.63207,33.63207
CTTGTGTAAC,0.023435239,0.028944975,non-CG,2.61438703,2.825542814,-50.697765,-50.697765,39.152164,39.152164
ATGTCGCAAA,0.013959048,0.028901639,CG,2.0962741,2.824044506,-43.555375,-46.137319,32.009774,34.591718
ATTTCGCCAC,0.022040929,0.028075804,CG,2.553047334,2.795054338,-31.00684,-33.588784,19.461239,22.043183
CTTGAGCAAT,0.025572482,0.028030545,non-CG,2.701663052,2.793441009,-43.402269,-43.402269,31.856668,31.856668
ATTTTGCAAT,0.024616006,0.027340406,non-CG,2.663543082,2.768511881,-48.994709,-48.994709,37.449108,37.449108
ATTGCACCAC,0.022226254,0.027306509,non-CG,2.561420403,2.767271299,-43.524795,-43.524795,31.979194,31.979194
GTTGCGTCAA,0.030528714,0.02661067,CG,2.878813884,2.741458463,-52.310776,-54.892721,40.765175,43.347120000000004
ATTTCATAAT,0.019014475,0.026440842,non-CG,2.405346731,2.73505606,-41.176156,-41.176156,29.630555,29.630555
CTTACGAAAG,0.013913509,0.026208339,CG,2.093006439,2.726223843,-13.917259,-16.499203,2.371658,4.953602000000002
TTTGCGTCAC,0.022603266,0.025627966,CG,2.578240609,2.703830377,-40.783427,-43.365371,29.237826000000005,31.819770000000005
GTTTCATCAT,0.024314307,0.025619281,non-CG,2.651211143,2.703491432,-38.825928,-38.825928,27.280327,27.280327
ATTACCTAAT,0.025408575,0.025172211,non-CG,2.695232916,2.685886848,-36.494071,-36.494071,24.94847,24.94847
ATTAAGCAAC,0.029317133,0.025117675,non-CG,2.838318289,2.683717982,-27.34624,-27.34624,15.800639000000002,15.800639000000002
GTTGCCTCAT,0.027337517,0.024949528,non-CG,2.768406208,2.677001104,-45.201042,-45.201042,33.655441,33.655441
CTTGCTCAAC,0.017625137,0.024728822,non-CG,2.329472322,2.668115646,-44.479341,-44.479341,32.93374,32.93374
GTTACTCAAC,0.020467566,0.024427534,non-CG,2.478987687,2.655857139,-31.838067,-31.838067,20.292465999999997,20.292465999999997
GTGTTGTAAT,0.023719839,0.024079633,non-CG,2.626457987,2.64151258,-43.747923,-43.747923,32.202322,32.202322
GTTGCATCAG,0.025087104,0.0238904,non-CG,2.682500129,2.633622905,-27.724155,-27.724155,16.178554,16.178554
CTTACATCAT,0.026263165,0.023808393,non-CG,2.728313587,2.630184366,-37.484008,-37.484008,25.938407000000005,25.938407000000005
ACTGCGCAAC,0.014038875,0.023668637,CG,2.101976467,2.624297039,-38.47415,-41.056094,26.928549000000004,29.510493000000004
ATTACCCAAC,0.039839487,0.023567501,non-CG,3.145004756,2.620014887,-30.754208,-30.754208,19.208607,19.208607
ATTGTGTCAT,0.028764541,0.023473676,non-CG,2.819289613,2.616025823,-57.100793,-57.100793,45.555192000000005,45.555192000000005
CTTACATCAC,0.015256583,0.023410179,non-CG,2.185157282,2.613317128,-31.761728,-31.761728,20.216127,20.216127
GTTACCTAAT,0.017371252,0.023311027,non-CG,2.314962856,2.609072711,-34.186546,-34.186546,22.640945000000002,22.640945000000002
TTTGCACAAT,0.015194742,0.023271816,non-CG,2.181095647,2.607389215,-50.917578,-50.917578,39.371977,39.371977
ATTGCCTCAC,0.031139906,0.023266688,non-CG,2.898636348,2.607168838,-41.786287,-41.786287,30.240686000000004,30.240686000000004
CTTTCACAAT,0.021434635,0.022921385,non-CG,2.525154272,2.592216518,-40.435123,-40.435123,28.889522,28.889522
ATTACGTCAA,0.022815763,0.022585287,CG,2.587597857,2.577444877,-43.561103,-46.143047,32.015502000000005,34.597446000000005
GTTGGGTAAC,0.019156758,0.022365406,non-CG,2.412801752,2.56766159,-43.738584,-43.738584,32.192983000000005,32.192983000000005
CTTACGCCAC,0.014254123,0.022149203,CG,2.117192398,2.557947714,-27.357395,-29.939339,15.811794,18.393738
GTGTCACAAC,0.021927738,0.02210944,non-CG,2.547898611,2.556150867,-30.171925,-30.171925,18.626324000000004,18.626324000000004
CTTGTGAAAT,0.014044511,0.021524755,non-CG,2.102377843,2.529349868,-56.430321,-56.430321,44.88472,44.88472
ATTACACCAT,0.019456201,0.021261539,non-CG,2.428312037,2.51704596,-38.189876,-38.189876,26.644275,26.644275
GTTGCTTAAC,0.021435204,0.021178216,non-CG,2.525180817,2.513119306,-42.912849,-42.912849,31.367248000000004,31.367248000000004
GTTGCGCCAG,0.014997385,0.020911574,CG,2.168022053,2.500448986,-23.319822,-25.901767,11.774220999999999,14.356166
GTTTCGAAAG,0.007837005,0.020894677,CG,1.519002946,2.499640638,-15.259178,-17.841123,3.713577000000001,6.295522
CTTGAGCAAC,0.019318806,0.020272859,non-CG,2.421225226,2.469429197,-37.679989,-37.679989,26.134388,26.134388
TTTACGTAAG,0.017603983,0.02023232,CG,2.328271383,2.467427526,-16.258234,-18.840178,4.712633000000002,7.294577000000002
GTTCCGCAAT,0.008871454,0.020165439,CG,1.642984906,2.464116399,-30.994208,-33.576152,19.448607000000003,22.030551000000003
ATTGTGCCAT,0.015129307,0.019949249,non-CG,2.176779924,2.453337699,-57.083211,-57.083211,45.53761,45.53761
GTGTTGTAAC,0.026195174,0.019898279,non-CG,2.725721396,2.450779446,-38.025642,-38.025642,26.480041,26.480041
GTTTCGCCAC,0.014819381,0.019828836,CG,2.156082051,2.447283442,-28.699314,-31.281259,17.153713000000003,19.735658
TTTACGTCAT,0.025538304,0.019791383,CG,2.700325643,2.445392841,-35.448508,-38.030452,23.902907,26.484851
GTTTTGCAAT,0.023221062,0.019404232,non-CG,2.605205912,2.425637387,-46.687183,-46.687183,35.141582,35.141582
ATTGTGTCAC,0.017713703,0.019280025,non-CG,2.334484721,2.419215786,-51.378513,-51.378513,39.832912,39.832912
GCTGCGCAAT,0.005366306,0.019124639,CG,1.140285976,2.411123704,-41.888905,-44.470849,30.343304000000003,32.925248
GTTTCATCAC,0.018055871,0.019107985,non-CG,2.353617095,2.410252511,-33.103647,-33.103647,21.558046000000004,21.558046000000004
ATTGCCCAAG,0.020331761,0.018998918,non-CG,2.472330445,2.40452823,-28.300711,-28.300711,16.755110000000002,16.755110000000002
ATTCCGCAAC,0.009691636,0.01893655,CG,1.731409446,2.401240117,-27.579453,-30.161397,16.033852000000003,18.615796000000003
ATTGCGCACT,0.011652533,0.018925648,CG,1.915669781,2.400664239,-27.324499,-29.906443,15.778898,18.360841999999998
GTGACGCCAT,0.020568424,0.018919428,CG,2.483903284,2.400335531,-28.538757,-31.120702,16.993156,19.575101000000004
ATTTGGCAAT,0.017920253,0.018866746,non-CG,2.346077726,2.397547102,-43.619603,-43.619603,32.074002,32.074002
ATTGAGTAAG,0.015156386,0.018843998,non-CG,2.178568161,2.396340655,-24.910325,-24.910325,13.364724,13.364724
GTTGCTTCAT,0.02096162,0.018622134,non-CG,2.502839347,2.384497073,-48.592427,-48.592427,37.046826,37.046826
CTGACGAAAT,0.014037894,0.018241052,CG,2.101906588,2.363820859,-30.193393,-32.775337,18.647792000000003,21.229736000000003
CTTTCGTCAC,0.022698738,0.018088137,CG,2.582455528,2.355402509,-30.300972,-32.882916,18.755371000000004,21.337315000000004
ATTGCTTAAG,0.018484864,0.017970049,non-CG,2.377098435,2.348852628,-31.709678,-31.709678,20.164077,20.164077
CTTGCCTAAT,0.015816084,0.01781805,non-CG,2.221173597,2.340358189,-46.82782,-46.82782,35.282219000000005,35.282219000000005
GTTTCCCAAT,0.019182413,0.017627528,non-CG,2.41414007,2.329607971,-37.094958,-37.094958,25.549357,25.549357
CTTAGGCAAT,0.014695396,0.017281627,non-CG,2.147680448,2.309790114,-39.970157,-39.970157,28.424556000000003,28.424556000000003
ATGGTGTAAC,0.013452779,0.017195194,non-CG,2.059331902,2.304776126,-48.464373,-48.464373,36.918772000000004,36.918772000000004
ATGACACAAC,0.018044565,0.017172988,non-CG,2.352990732,2.303483884,-29.553456,-29.553456,18.007855,18.007855
AATACGCAAT,0.010770952,0.017164418,CG,1.836999081,2.30298472,-33.384081,-35.966025,21.838480000000004,24.420424000000004
ATTGCTCCAT,0.01401385,0.017119158,non-CG,2.100192326,2.300344387,-50.882369,-50.882369,39.336768,39.336768
ATTTCGTAAA,0.009192323,0.0169264,CG,1.678514879,2.289020733,-46.5298,-49.111744,34.984199000000004,37.566143000000004
CTTATGCAAG,0.015920172,0.016736022,non-CG,2.227733185,2.277709603,-26.112286,-26.112286,14.566685000000001,14.566685000000001
CTTGCTTAAT,0.010700225,0.016334202,non-CG,1.830410969,2.253407392,-50.219204,-50.219204,38.673603,38.673603
GTTGCACCAC,0.012237038,0.016314716,non-CG,1.964613455,2.252213723,-41.217269,-41.217269,29.671668000000004,29.671668000000004
CTTACACAAG,0.011560586,0.016151308,non-CG,1.907747754,2.242147237,-18.276151,-18.276151,6.730549999999999,6.730549999999999
GTGAAGCAAC,0.009339545,0.015945515,non-CG,1.694403736,2.229323799,-22.081872,-22.081872,10.536271000000001,10.536271000000001
CTTACATAAT,0.016432091,0.01579565,non-CG,2.259382391,2.219880786,-37.526711,-37.526711,25.98111,25.98111
CTTGCCTAAC,0.01030163,0.015688218,non-CG,1.792448335,2.213056185,-41.105539,-41.105539,29.559938000000002,29.559938000000002
GTTTCGTCAG,0.014440776,0.015680994,CG,2.130202072,2.212595606,-15.2062,-17.788145,3.6605990000000013,6.2425440000000005
CTTTCACAAC,0.017229933,0.01568027,non-CG,2.306794362,2.212549434,-34.712842,-34.712842,23.167241000000004,23.167241000000004
GTTGCAAAAC,0.011871683,0.015234132,non-CG,1.934302185,2.183684637,-41.28783,-41.28783,29.742229000000002,29.742229000000002
CTTGTGAAAC,0.01182707,0.015204346,non-CG,1.930537172,2.181727508,-50.70804,-50.70804,39.162439,39.162439
ATTTCCTAAT,0.011926756,0.015116891,non-CG,1.93893048,2.175958928,-39.420066,-39.420066,27.874465,27.874465
ATTACATCAG,0.013703552,0.015061669,non-CG,2.077801269,2.17229924,-18.974481,-18.974481,7.428880000000001,7.428880000000001
CTTACGACAG,0.008329947,0.015043272,CG,1.580003294,2.171077048,-13.874556,-16.4565,2.3289550000000006,4.910898999999999
GTTGGGCAAG,0.01224527,0.014960492,non-CG,1.96528594,2.16555906,-30.210305,-30.210305,18.664704,18.664704
ACTACGCAAC,0.010871513,0.014610286,CG,1.846292082,2.141872001,-27.416951,-29.998895,15.871350000000001,18.453294
ATTTCTCAAC,0.013533482,0.014533749,non-CG,2.065312963,2.136619662,-37.071587,-37.071587,25.525986000000003,25.525986000000003
ATGGCGCCAT,0.009201987,0.014516459,CG,1.679565639,2.135429309,-41.903482,-44.485426,30.357881,32.939825
CTTATGTAAT,0.011771579,0.014516238,non-CG,1.925834267,2.135414085,-45.362846,-45.362846,33.817245,33.817245
ATTGCGCATT,0.00906563,0.014437614,CG,1.66463654,2.129983085,-41.906166,-44.48811,30.360565,32.942509
GTTCCGCAAC,0.00602652,0.01443449,CG,1.25631593,2.129766682,-25.271927,-27.853872,13.726326000000002,16.308270999999998
TTTACGTCAC,0.015408777,0.014400032,CG,2.195083482,2.127376629,-29.726227,-32.308172,18.180626000000004,20.762571
CTTACCTAAT,0.00571029,0.014395603,non-CG,1.202416011,2.127069013,-35.770621,-35.770621,24.22502,24.22502
TTTTCGTAAC,0.007680223,0.014313812,CG,1.498794783,2.121371145,-32.694925,-35.276869,21.149324,23.731268
ATTTCATAAC,0.016019902,0.014293389,non-CG,2.233978024,2.119943323,-35.453876,-35.453876,23.908275000000003,23.908275000000003
CTTACGTCAG,0.023067099,0.014293166,CG,2.598553517,2.119927721,-13.86428,-16.446225,2.3186790000000013,4.900623999999999
ATTGGTCAAT,0.01679483,0.014261322,non-CG,2.281217301,2.117697318,-57.772852,-57.772852,46.227251,46.227251
ATGGTGCAAG,0.009979945,0.014199812,non-CG,1.760723779,2.113374925,-34.936093,-34.936093,23.390492000000002,23.390492000000002
GTGAGGCAAC,0.010888974,0.01398692,non-CG,1.847896918,2.098268807,-29.706959,-29.706959,18.161358,18.161358
CCTGCGCAAT,0.007159559,0.01391727,CG,1.428594587,2.093276715,-43.47298,-46.054924,31.927379000000002,34.509323
GTTGGGAAAT,0.009585232,0.013879419,non-CG,1.720369781,2.090553296,-49.471139,-49.471139,37.925538,37.925538
GTTACCTAAC,0.013243594,0.013849519,non-CG,2.043660164,2.088396703,-28.464265,-28.464265,16.918664,16.918664
ATTACCTAAC,0.015744562,0.013752875,non-CG,2.216641236,2.081394093,-30.771791,-30.771791,19.226190000000003,19.226190000000003
ATTCCGTAAT,0.00521301,0.013687351,CG,1.111303624,2.076618322,-33.319316,-35.90126,21.773715000000003,24.355659000000003
ATTTCTCAAT,0.017942471,0.0135001,non-CG,2.347316784,2.062843293,-42.793868,-42.793868,31.248267000000006,31.248267000000006
GTGACGCCAC,0.009707259,0.013443631,CG,1.733020156,2.058651662,-22.816477,-25.398421,11.270876,13.85282
ATTTTGCAAC,0.018617289,0.013385792,non-CG,2.384236865,2.054340046,-43.272428,-43.272428,31.726827,31.726827
TTTACGCCAT,0.008804843,0.013321568,CG,1.635448111,2.049530576,-35.430925,-38.01287,23.885324000000004,26.467269
CTTACCCAAT,0.014095106,0.013194414,non-CG,2.105973845,2.039939758,-35.753038,-35.753038,24.207437,24.207437
CTTTTGCAAT,0.009313542,0.013146009,non-CG,1.69161567,2.036264415,-48.271258,-48.271258,36.725657000000005,36.725657000000005
ATGGCGCAAA,0.00665409,0.012969365,CG,1.355377903,2.022736238,-51.686579,-54.268524,40.140978000000004,42.722923
GTTATGTAAG,0.010281006,0.012954435,non-CG,1.790444315,2.021584401,-24.545794,-24.545794,13.000193000000001,13.000193000000001
ACTGCGTAAT,0.007989359,0.012846021,CG,1.538256731,2.013180314,-44.214013,-46.795957,32.668412000000004,35.250356000000004
CTTTCGCAAA,0.005841912,0.012776293,CG,1.225204341,2.007737544,-45.788767,-48.370711,34.243166,36.82511
ATTGTGTAAA,0.014498055,0.012775841,non-CG,2.134160703,2.007702166,-66.88389,-66.88389,55.338288999999996,55.338288999999996
TTTGCACAAC,0.010132375,0.012751605,non-CG,1.775881943,2.005803346,-45.195297,-45.195297,33.649696,33.649696
ATTACGAAAA,0.00726105,0.012712422,CG,1.442670647,2.002725826,-43.614081,-46.196025,32.06848,34.650424
GTTTCCCAAC,0.008075513,0.012637666,non-CG,1.548982597,1.99682792,-31.372677,-31.372677,19.827075999999998,19.827075999999998
ATGGCTCAAT,0.005479469,0.012632745,non-CG,1.161154399,1.996438453,-47.968229,-47.968229,36.422628,36.422628
ATTGAGTCAT,0.012504233,0.012621339,non-CG,1.986213427,1.995535153,-44.1006,-44.1006,32.554999,32.554999
TTTACGAAAC,0.005176938,0.012579855,CG,1.104359962,1.992242925,-29.779206,-32.36115,18.233604999999997,20.815549000000004
GTGACACAAC,0.013625736,0.012571934,non-CG,2.072106558,1.991613069,-27.24593,-27.24593,15.700329000000002,15.700329000000002
CTTGAGTAAT,0.010905229,0.012554897,non-CG,1.849388599,1.990256989,-43.419852,-43.419852,31.874251,31.874251
CTTTCGCCAT,0.00947378,0.012407959,CG,1.708674183,1.978484322,-36.00567,-38.587614,24.460069000000004,27.042013000000004
CTTGCACCAC,0.007691056,0.012379814,non-CG,1.500204295,1.976213443,-42.801344,-42.801344,31.255743000000002,31.255743000000002
ACTGCGTAAC,0.009332964,0.012310341,CG,1.693698849,1.970585841,-38.491732,-41.073677,26.946131,29.528076000000006
GCTACGCAAT,0.00853785,0.012243918,CG,1.60465542,1.965175524,-30.831706,-33.41365,19.286105,21.868049
GTGGCGTCAT,0.012035811,0.012236778,CG,1.948032656,1.964592207,-39.613539,-42.195483,28.067938000000005,30.649882000000005
ATGGGGCAAT,0.011874902,0.012195947,non-CG,1.934573297,1.961249884,-48.793964,-48.793964,37.248363000000005,37.248363000000005
CTTATGTAAC,0.01271959,0.012177289,non-CG,2.003289525,1.95971886,-39.640566,-39.640566,28.094965000000002,28.094965000000002
CTTGCGTCAA,0.0146078,0.012158027,CG,2.141701833,1.95813581,-53.894851,-56.476796,42.349250000000005,44.931195
GTTGTGCCAT,0.010030662,0.012142685,non-CG,1.765792802,1.956873131,-54.775685,-54.775685,43.230084000000005,43.230084000000005
CCTGCGCAAC,0.006812305,0.012054893,CG,1.378876736,1.949616836,-37.750699,-40.332643,26.205098,28.787042
GTTTCATAAC,0.011117088,0.012011258,non-CG,1.868629584,1.945990577,-33.14635,-33.14635,21.600749,21.600749
GTTTCTCAAC,0.010044159,0.011869432,non-CG,1.767137472,1.934112556,-34.764062,-34.764062,23.218461000000005,23.218461000000005
CTTTCCCAAT,0.008275464,0.011745826,non-CG,1.573441192,1.923644144,-38.679033,-38.679033,27.133432,27.133432
AGTACGCAAC,0.009419487,0.011741931,CG,1.702926829,1.923312481,-26.77815,-29.360094,15.232549,17.814493
CTTAGGCAAC,0.009433014,0.011588189,non-CG,1.704361864,1.91013259,-34.247877,-34.247877,22.702276000000005,22.702276000000005
ATTACACCAC,0.011752663,0.011392373,non-CG,1.924226053,1.893090297,-32.467596,-32.467596,20.921995000000003,20.921995000000003
ATTACTTAAT,0.012181265,0.011316048,non-CG,1.960045316,1.886368095,-39.885456,-39.885456,28.339855,28.339855
ATTGCGTATC,0.007692857,0.011294862,CG,1.500438436,1.884494132,-36.201468,-38.783412,24.655867,27.237811
ATTGACCAAC,0.006700948,0.011167907,non-CG,1.362395209,1.873190419,-41.0341,-41.0341,29.488499000000004,29.488499000000004
CTTGGGCAAC,0.008533035,0.011149079,non-CG,1.604091301,1.871503094,-45.305076,-45.305076,33.759475,33.759475
GCTGCGTAAT,0.004975984,0.010803274,CG,1.06476934,1.839995437,-41.906487,-44.488432,30.360886,32.942831000000005
CTTGCGCCAG,0.005983719,0.01076083,CG,1.249188481,1.836058889,-24.903897,-27.485841,13.358296000000001,15.940240000000001
ATTGCGCCAA,0.010599013,0.010753509,CG,1.820907084,1.83537832,-54.600719,-57.182664,43.055118,45.637063000000005
ATTATGAAAC,0.011514924,0.010704344,non-CG,1.903790133,1.830795841,-40.374291,-40.374291,28.82869,28.82869
ATGTCATAAC,0.011502243,0.010638967,non-CG,1.90268826,1.824669593,-32.497033,-32.497033,20.951432000000004,20.951432000000004
ATGTCATAAT,0.008305882,0.01063363,non-CG,1.577110139,1.824167821,-38.219313,-38.219313,26.673712000000002,26.673712000000002
GTTGGGTAAG,0.006512488,0.010598621,non-CG,1.333867765,1.820870099,-30.227887,-30.227887,18.682285999999998,18.682285999999998
TTTTCGCAAG,0.00487961,0.010500011,CG,1.045211499,1.811522505,-19.166646,-21.74859,7.6210450000000005,10.202989
ATTGCGCATC,0.008057447,0.010422229,CG,1.546742957,1.804087129,-36.183885,-38.76583,24.638284,27.220229000000003
CTTGGGCAAG,0.006254999,0.010328964,non-CG,1.293527184,1.795098188,-31.794379,-31.794379,20.248778,20.248778
GTTACGCCAG,0.010776042,0.01020881,CG,1.837471537,1.783397273,-12.262623,-14.844567,0.717022,3.298966
ATTGCGTGAC,0.008794186,0.010207392,CG,1.634237022,1.783258364,-39.17621,-41.758154,27.630609,30.212553
CTTTCGCCAC,0.007457824,0.010170028,CG,1.469409883,1.779591163,-30.283389,-32.865333,18.737788000000002,21.319732000000002
GTTTGGCAAT,0.008288983,0.010085019,non-CG,1.575073484,1.771197256,-41.312077,-41.312077,29.766476000000004,29.766476000000004
ATTACGCCAG,0.012200063,0.010047672,CG,1.961587316,1.767487166,-14.570149,-17.152093,3.024548000000001,5.606492000000001
ATTTCACCAC,0.009165411,0.010045133,non-CG,1.675582925,1.767234439,-35.39359,-35.39359,23.847989000000005,23.847989000000005
ATTTCGCCAG,0.0050128,0.010042853,CG,1.072140841,1.767007437,-17.496143,-20.078087,5.950542,8.532486
GTTACATCAG,0.013915332,0.010019392,non-CG,2.093137454,1.764668615,-16.666956,-16.666956,5.121354999999999,5.121354999999999
CTTGCTCAAG,0.006167743,0.009912306,non-CG,1.279479169,1.753923216,-30.968645,-30.968645,19.423043999999997,19.423043999999997
ATTTCACCAT,0.014441954,0.009897917,non-CG,2.130283643,1.752470531,-41.115871,-41.115871,29.57027,29.57027
TTTATGCAAT,0.008003655,0.009827091,non-CG,1.540044513,1.74528916,-47.696514,-47.696514,36.150913,36.150913
ATTTAGCAAT,0.014989777,0.009764244,non-CG,2.167514636,1.738873342,-35.994515,-35.994515,24.448914000000002,24.448914000000002
TTTGCGCAAA,0.007339229,0.009760125,CG,1.453379996,1.738451408,-56.271222,-58.853166,44.725621000000004,47.307565000000004
ATTACTTCAC,0.007713501,0.009533101,non-CG,1.50311837,1.714916258,-34.120472,-34.120472,22.574871,22.574871
ATTTCATAAG,0.006616102,0.009498876,non-CG,1.349652575,1.711319676,-21.943179,-21.943179,10.397578000000001,10.397578000000001
GTTACGTCAA,0.01325067,0.009379526,CG,2.044194317,1.698675429,-41.253577,-43.835522,29.707976000000002,32.289921
ATGAAGTAAC,0.007074249,0.009347196,non-CG,1.41660749,1.695222605,-24.40698,-24.40698,12.861379000000001,12.861379000000001
AATGCGCAAC,0.008451892,0.009316563,CG,1.594536522,1.691939984,-38.719,-41.300944,27.173399000000003,29.755343000000003
GTTGCTTAAG,0.007816966,0.009299838,non-CG,1.5164427,1.690143181,-29.402152,-29.402152,17.856551000000003,17.856551000000003
ATTACGCCAA,0.006067087,0.009222749,CG,1.263024789,1.681819349,-43.54352,-46.125465,31.997919000000003,34.579864
CTTTCCCAAC,0.005348732,0.009195246,non-CG,1.137005724,1.678832812,-32.956752,-32.956752,21.411151000000004,21.411151000000004
ATTGAGTCAC,0.0097298,0.009191165,non-CG,1.735339541,1.678388897,-38.378319,-38.378319,26.832718,26.832718
GTTACGCATT,0.00672163,0.009177646,CG,1.365476885,1.676916945,-28.541441,-31.123386,16.99584,19.577785
CTTTCGAAAG,0.005451346,0.009116627,CG,1.156008751,1.670246089,-16.843253,-19.425197,5.297652000000001,7.879596000000001
GTGGTGTAAG,0.00493912,0.009060329,non-CG,1.057333378,1.664051633,-32.64615,-32.64615,21.100549,21.100549
ATTGAGCAAA,0.005247883,0.009028966,non-CG,1.117970957,1.660584054,-53.866114,-53.866114,42.320513000000005,42.320513000000005
CTTGCTTAAC,0.010866401,0.009009449,non-CG,1.845821752,1.658420116,-44.496924,-44.496924,32.951323,32.951323
GTTGTGCCAC,0.007718306,0.008995153,non-CG,1.50374111,1.656832077,-49.053405,-49.053405,37.507804,37.507804
ATTGCACAAA,0.007334292,0.008979474,non-CG,1.452707084,1.655087506,-59.030173,-59.030173,47.484572,47.484572
GGTACGCAAT,0.005205926,0.008899838,CG,1.109943792,1.646179275,-30.192905,-32.77485,18.647304,21.229249000000003
GTTAGGCCAT,0.004934515,0.008891954,non-CG,1.056400591,1.645293023,-38.34338,-38.34338,26.797779000000006,26.797779000000006
GTTGAGTAAG,0.010072433,0.008844504,non-CG,1.769948486,1.639942449,-22.6028,-22.6028,11.057198999999999,11.057198999999999
GTTACACCAC,0.008481529,0.008792444,non-CG,1.59803694,1.634038916,-30.16007,-30.16007,18.614469,18.614469
ATTGCTCCAC,0.006052417,0.008785582,non-CG,1.260603897,1.633258169,-45.160089,-45.160089,33.614488,33.614488
ATTGCGCTAC,0.005450745,0.008764587,CG,1.155898497,1.630865598,-39.167083,-41.749027,27.621482,30.203426
GTTAGGAAAT,0.003496499,0.008724641,non-CG,0.711908382,1.626297521,-38.41394,-38.41394,26.868339,26.868339
TTTGCGTCAG,0.008691622,0.008706762,CG,1.622505773,1.624246165,-27.27273,-29.854674,15.727129,18.309072999999998
GCTGCGCAAC,0.004852168,0.008703953,CG,1.039571816,1.62392349,-36.166624,-38.748569,24.621023,27.202968000000006
GTTACCTAAG,0.006623493,0.008672692,non-CG,1.350769074,1.620325439,-14.953569,-14.953569,3.4079680000000003,3.4079680000000003
GTTGCGCACT,0.005650549,0.008563951,CG,1.191898909,1.607707849,-25.016973,-27.598918,13.471372,16.053317
GTTGCCAAAT,0.007695488,0.008548656,non-CG,1.500780383,1.605920278,-45.25402,-45.25402,33.708419,33.708419
GTTTGGCAAC,0.007639566,0.008538239,non-CG,1.493486995,1.604700981,-35.589797,-35.589797,24.044196,24.044196
ATTGCGCTAT,0.007867539,0.008419785,CG,1.522891507,1.590730494,-44.889363,-47.471307,33.343762000000005,35.925706000000005
ACTACGTAAC,0.006308954,0.008417724,CG,1.302116094,1.590485683,-27.434533,-30.016477,15.888931999999999,18.470875999999997
GCTGCGTAAC,0.005668822,0.00822626,CG,1.195127536,1.567477677,-36.184207,-38.766151,24.638606000000003,27.220550000000003
ACTGCGCAAG,0.006187983,0.008213572,CG,1.282755386,1.565934108,-24.963453,-27.545397,13.417852000000002,15.999796000000002
AATGCGTAAT,0.00606867,0.008204616,CG,1.263285671,1.564843123,-44.458863,-47.040807,32.913262,35.495206
ATTGGTCAAC,0.005939866,0.008124076,non-CG,1.241832774,1.554978199,-52.050571,-52.050571,40.50497,40.50497
TTTACACAAC,0.010632074,0.008115771,non-CG,1.824021482,1.553955406,-34.138098,-34.138098,22.592497,22.592497
ATGGCGCCAC,0.004500627,0.008112432,CG,0.964362921,1.5535439,-36.181201,-38.763146,24.635600000000004,27.217545
GTTTCACCAT,0.011819499,0.008102304,non-CG,1.929896825,1.552294666,-38.808345,-38.808345,27.262744000000005,27.262744000000005
ATTGCTAAAC,0.010458157,0.00805519,non-CG,1.807528448,1.546462804,-45.23065,-45.23065,33.685049,33.685049
CTGACACAAT,0.002533127,0.008024274,non-CG,0.389600708,1.542617398,-34.552285,-34.552285,23.006684,23.006684
TTTACGAAAG,0.003655845,0.007964311,CG,0.756473457,1.535116636,-16.268509,-18.850453,4.722908000000002,7.304852000000002
CTTATGTAAG,0.006466392,0.007907198,non-CG,1.326764502,1.527919684,-26.129869,-26.129869,14.584268,14.584268
ACTACGTAAT,0.00699426,0.00788769,CG,1.405236013,1.525449517,-33.156814,-35.738758,21.611213,24.193157
CTTAGGCAAG,0.006485583,0.007887507,non-CG,1.329727914,1.525426316,-20.73718,-20.73718,9.191578999999999,9.191578999999999
GTTGCGCATC,0.005665652,0.007881034,CG,1.194568181,1.524605314,-33.87636,-36.458304,22.330759,24.912703
ACTACGCAAG,0.004265308,0.007871476,CG,0.910660594,1.523391793,-13.906254,-16.488198,2.360653000000001,4.942597000000001
GATACGCAAC,0.006721551,0.007822963,CG,1.365465132,1.517209583,-25.354275,-27.936219,13.808674000000002,16.390618000000003
CTTTTGCAAC,0.006538592,0.007723502,non-CG,1.337868052,1.504414088,-42.548978,-42.548978,31.003377,31.003377
CTTACGTCAA,0.009333952,0.007710751,CG,1.693804705,1.502761789,-42.837652,-45.419596,31.292051,33.873995
CTTAGGTAAT,0.005018503,0.00769364,non-CG,1.073277882,1.500540214,-39.98774,-39.98774,28.442139000000005,28.442139000000005
ATTTTGTAAT,0.004928719,0.007682503,non-CG,1.055225317,1.499091606,-49.012291,-49.012291,37.46669,37.46669
ATTTAGCAAC,0.009372381,0.007658689,non-CG,1.697913373,1.49598702,-30.272235,-30.272235,18.726633999999997,18.726633999999997
ATTGCGCACC,0.006157487,0.007642531,CG,1.27781494,1.493875031,-21.602218,-24.184162,10.056617000000001,12.638561000000001
TTTGCTCAAC,0.004471943,0.007579813,non-CG,0.95796919,1.485634729,-46.830591,-46.830591,35.28499,35.28499
ATAGCGCAAC,0.006436462,0.007489948,CG,1.32212521,1.473708055,-37.034196,-39.61614,25.488595000000004,28.070539000000004
CTTGAGTAAG,0.007263696,0.007461932,non-CG,1.44303499,1.469960562,-24.186875,-24.186875,12.641274000000001,12.641274000000001
ATTACCCAAG,0.009788705,0.007442397,non-CG,1.74137537,1.467339175,-17.243512,-17.243512,5.6979109999999995,5.6979109999999995
TTTGCATAAT,0.005537012,0.00741594,non-CG,1.171601205,1.463777938,-50.93516,-50.93516,39.389559000000006,39.389559000000006
ATTCCGCAAG,0.004825265,0.007387876,CG,1.034011856,1.459986478,-14.068756,-16.6507,2.523155000000001,5.105099000000001
CTTTAGCAAT,0.006783906,0.007349011,non-CG,1.374699242,1.454711947,-35.271065,-35.271065,23.725464000000002,23.725464000000002
AATACGCAAC,0.009139681,0.007343833,CG,1.672771684,1.454007114,-27.6618,-30.243745,16.116199,18.698144
ATTACCCCAT,0.007457631,0.00730375,non-CG,1.469384004,1.448534115,-36.433786,-36.433786,24.888185,24.888185
CTTTCGTCAG,0.007997983,0.007297949,CG,1.539335585,1.44773955,-16.790275,-19.372219,5.244674000000002,7.826618000000002
AGTGCGTAAT,0.005206617,0.007243903,CG,1.110076517,1.44030635,-43.575212,-46.157157,32.029611,34.611556
GTTGAGCCAT,0.007091951,0.007237539,non-CG,1.419106679,1.439427432,-41.775492,-41.775492,30.229891000000002,30.229891000000002
GTTGCGCCAA,0.007487873,0.007232791,CG,1.473430979,1.438771192,-52.293194,-54.875138,40.747593,43.329537
GTTACTCCAT,0.005695191,0.007230802,non-CG,1.199768335,1.438496157,-37.517645,-37.517645,25.972044000000004,25.972044000000004
CTTGAGTAAC,0.007282257,0.007213089,non-CG,1.445587042,1.436043492,-37.697571,-37.697571,26.151970000000006,26.151970000000006
GTTAAGTAAT,0.007758071,0.007174604,non-CG,1.508879921,1.430693769,-30.778578,-30.778578,19.232976999999998,19.232976999999998
GTTGTACCAT,0.006009009,0.007148512,non-CG,1.253406043,1.427050423,-59.162436,-59.162436,47.616835,47.616835
CTTACGCCAG,0.005431238,0.007120902,CG,1.152313301,1.423180603,-13.846698,-16.428642,2.3010970000000004,4.883041
GTTGCACAAA,0.006310713,0.007100954,non-CG,1.302394866,1.420375341,-56.722647,-56.722647,45.177046000000004,45.177046000000004
GTTTCCTAAT,0.009442021,0.007096864,non-CG,1.705316246,1.419799197,-37.11254,-37.11254,25.566939000000005,25.566939000000005
GTGGCACAAT,0.006190459,0.007083379,non-CG,1.283155436,1.417897254,-44.02541,-44.02541,32.479809,32.479809
CTTACACCAT,0.00797396,0.007051362,non-CG,1.536327433,1.41336699,-37.466426,-37.466426,25.920825,25.920825
ATTGCGCGAC,0.006259677,0.007021962,CG,1.294274787,1.409188866,-39.158628,-41.751558,27.613027000000002,30.205957000000005
TTTAAGCAAT,0.00394639,0.007015289,non-CG,0.832947437,1.40823811,-34.69632,-34.69632,23.150719000000002,23.150719000000002
CTTAGGTAAG,0.005473818,0.006967869,non-CG,1.160122562,1.401455639,-20.754763,-20.754763,9.209162000000001,9.209162000000001
CTGACGTAAA,0.00362779,0.006946429,CG,0.748769848,1.398373915,-39.923512,-42.505456,28.377911000000005,30.959855000000005
ATTGTACAAT,0.006252968,0.006932291,non-CG,1.293202431,1.39633655,-61.512664,-61.512664,49.967063,49.967063
GTTGAGTCAC,0.006283519,0.006902255,non-CG,1.298076374,1.39199437,-36.070794,-36.070794,24.525193,24.525193
CTTGTGAAAG,0.004666596,0.006884031,non-CG,1.000576098,1.389350582,-37.197343,-37.197343,25.651742,25.651742
ATTTGGTAAT,0.007209332,0.006839774,non-CG,1.435522498,1.38290089,-43.637185,-43.637185,32.091584000000005,32.091584000000005
GTTGAGTCAT,0.008821335,0.006832112,non-CG,1.637319419,1.38178005,-41.793074,-41.793074,30.247473,30.247473
ATTACGGAAC,0.004300359,0.006830837,CG,0.918844708,1.381593414,-28.113044,-30.694989,16.567442999999997,19.149388000000002
GCTACGCAAC,0.003483069,0.006825347,CG,0.708060002,1.380789382,-25.109425,-27.691369,13.563824000000002,16.145768000000004
TTTACGCCAC,0.00835803,0.006824285,CG,1.583368954,1.380633774,-29.708645,-32.290589,18.163044,20.744988
GTTAGGAAAC,0.006299937,0.006787396,non-CG,1.300685834,1.375213563,-32.69166,-32.69166,21.146059,21.146059
ATTAAGTCAT,0.002360831,0.006775975,non-CG,0.319159876,1.373529468,-33.0434,-33.0434,21.497799,21.497799
GTTTCTCAAT,0.007892518,0.006758787,non-CG,1.526061422,1.370989636,-40.486342,-40.486342,28.940741000000003,28.940741000000003
ATTATGTCAT,0.009324621,0.006706998,non-CG,1.692804521,1.363297659,-46.043594,-46.043594,34.497993,34.497993
ATTACTTCAT,0.010137421,0.006680156,non-CG,1.776379827,1.359287541,-39.842753,-39.842753,28.297152000000004,28.297152000000004
GTTACCCAAG,0.00659097,0.006680056,non-CG,1.345846731,1.359272571,-14.935986,-14.935986,3.390385,3.390385
GTTGGGCCAC,0.00390949,0.006583559,non-CG,0.823553131,1.344721681,-43.678298,-43.678298,32.132697,32.132697
GATACGTAAC,0.004774737,0.006575187,CG,1.023485094,1.343449219,-25.371857,-27.953802,13.826255999999999,16.408201
GTTACTTAAT,0.008161561,0.006512404,non-CG,1.55958165,1.333854866,-37.57793,-37.57793,26.032329000000004,26.032329000000004
GTTAAGTAAC,0.008650661,0.006508393,non-CG,1.617781934,1.333238775,-25.056297,-25.056297,13.510696000000001,13.510696000000001
ATTGGGTCAC,0.003395796,0.006419851,non-CG,0.682684396,1.319541109,-46.003406,-46.003406,34.457805,34.457805
ATTACTCCAT,0.007169133,0.006405353,non-CG,1.429930927,1.317280247,-39.82517,-39.82517,28.279569000000002,28.279569000000002
AGTACGCAAT,0.008709779,0.006384282,CG,1.624592618,1.313985232,-32.500431,-35.082375,20.95483,23.536774
CCTACGCAAC,0.00513633,0.006375117,CG,1.096485017,1.312548644,-26.6935,-29.275444,15.147899,17.729843000000002
GTTTCACCAC,0.005575732,0.00633097,non-CG,1.178569809,1.305599663,-33.086065,-33.086065,21.540464,21.540464
ATTGGGTCAT,0.007570071,0.006226602,non-CG,1.484348647,1.288976959,-51.725687,-51.725687,40.180086,40.180086
CTTACCCAAG,0.005315598,0.006201882,non-CG,1.130791717,1.284998995,-16.520061,-16.520061,4.974459999999999,4.974459999999999
GTTAAGCCAC,0.004137157,0.006101573,non-CG,0.880155037,1.268692807,-24.996012,-24.996012,13.450411,13.450411
CTTGCTTAAG,0.005838447,0.006086545,non-CG,1.224611037,1.266226797,-30.986227,-30.986227,19.440626,19.440626
ATTGCACCAG,0.007422768,0.006076141,non-CG,1.464698234,1.264515991,-30.014098,-30.014098,18.468497,18.468497
ATTGAGAAAG,0.004736899,0.006074128,non-CG,1.015528902,1.26418464,-24.9206,-24.9206,13.374999,13.374999
GGTACGCAAC,0.004748794,0.006053449,CG,1.018036891,1.260774392,-24.470625,-27.052569,12.925023999999999,15.506967999999999
GTTATGTCAT,0.008434837,0.006023663,non-CG,1.592516592,1.255841746,-43.736069,-43.736069,32.190468,32.190468
ATTACGCATC,0.006892017,0.005993061,CG,1.390509985,1.2507485,-25.126686,-27.70863,13.581085,16.163029
ATTGCTCAAA,0.004188029,0.005927903,non-CG,0.892376418,1.239816725,-60.665467,-60.665467,49.119866,49.119866
CCTGCGTAAT,0.004946008,0.005897355,CG,1.058726987,1.234650145,-43.490562,-46.072507,31.944961,34.526906000000004
TTTGCCCAAT,0.004938403,0.00587899,non-CG,1.0571882,1.231531179,-49.161488,-49.161488,37.615887,37.615887
GTTACGCATC,0.006211519,0.00586072,CG,1.286551672,1.228418663,-22.819161,-25.401105,11.273560000000002,13.855504000000002
GTTTAGCAAC,0.011766669,0.005844706,non-CG,1.925417074,1.225682494,-27.964709,-27.964709,16.419108,16.419108
CTTTCGCCAG,0.003534621,0.005812682,CG,0.72275228,1.220188282,-16.772692,-19.354637,5.227091,7.809036000000001
GTGTCATAAC,0.009043649,0.005812292,non-CG,1.662208944,1.220121186,-30.189507,-30.189507,18.643906,18.643906
ATTACACCAG,0.003842612,0.005778939,non-CG,0.806298544,1.214366302,-18.956899,-18.956899,7.411298,7.411298
CTTTCTCAAC,0.004016666,0.005724307,non-CG,0.850598405,1.204867694,-36.348137,-36.348137,24.802536000000003,24.802536000000003
GTGGGGCAAC,0.006038323,0.005719161,non-CG,1.258272525,1.203968316,-40.764158,-40.764158,29.218557000000004,29.218557000000004
GTGACATAAT,0.003382519,0.005713999,non-CG,0.678766898,1.203065329,-32.985793,-32.985793,21.440192000000003,21.440192000000003
GGTGCGTAAT,0.004249118,0.005681549,CG,0.906857632,1.197370107,-41.267687,-43.849631,29.722086000000004,32.304030000000004
TTTAGGCAAC,0.003557848,0.005677416,non-CG,0.729302068,1.1966424,-36.599127,-36.599127,25.053526000000005,25.053526000000005
GTAGCGCAAC,0.004390284,0.005662715,CG,0.939540118,1.194049659,-34.72667,-37.308615,23.181069,25.763014000000005
ATGGGGTAAC,0.00652508,0.005655897,non-CG,1.335799414,1.192844918,-43.089266,-43.089266,31.543665000000004,31.543665000000004
ATTAAGAAAT,0.006552059,0.005631828,non-CG,1.339925552,1.188580279,-33.096379,-33.096379,21.550778,21.550778
ATGGCGCCAG,0.003367193,0.005630233,CG,0.67422566,1.188297027,-22.670505,-25.252449,11.124903999999999,13.706847999999999
ATTTCGCCAA,0.002753062,0.005611155,CG,0.472859947,1.184902781,-46.469515,-49.051459,34.923914,37.505858
ACTGCGTAAG,0.005830134,0.005551588,CG,1.223186185,1.174230213,-24.981036,-27.56298,13.435435,16.017379
GTTACGGAAT,0.004099424,0.005526148,CG,0.870992676,1.169637209,-31.527799,-34.109744,19.982198000000004,22.564143
GGTGCGCAAC,0.006667994,0.005511762,CG,1.357465265,1.167030554,-35.527824,-38.109768,23.982223000000005,26.564167000000005
GTTTTGCAAG,0.006972641,0.005506174,non-CG,1.402140263,1.166016208,-27.454206,-27.454206,15.908605,15.908605
GTTTGGTAAC,0.007777309,0.005483518,non-CG,1.511356592,1.161893066,-35.607379,-35.607379,24.061778000000004,24.061778000000004
ATGGGGCAAC,0.00685452,0.005449721,non-CG,1.385054489,1.155710615,-43.071684,-43.071684,31.526083,31.526083
GTTACACAAA,0.004369395,0.005429673,non-CG,0.934770756,1.152025111,-45.665448,-45.665448,34.119847,34.119847
CTTTCTCAAG,0.003842539,0.005427451,non-CG,0.806279546,1.151615795,-22.83744,-22.83744,11.291839000000001,11.291839000000001
AATACGTAAC,0.005139885,0.005400919,CG,1.097176906,1.146715324,-27.679383,-30.261327,16.133782000000004,18.715726000000004
GTTACGCCAA,0.006701572,0.005395227,CG,1.362488326,1.145660874,-41.235995,-43.817939,29.690394000000005,32.272338000000005
CTTATGTCAT,0.005201193,0.005385905,non-CG,1.109034223,1.143931556,-45.320143,-45.320143,33.774542000000004,33.774542000000004
ATTAGTCAAC,0.005374075,0.005351471,non-CG,1.141732666,1.137517677,-40.993372,-40.993372,29.447771000000003,29.447771000000003
ATTGATCAAC,0.004634021,0.005316362,non-CG,0.993571158,1.130935435,-44.425484,-44.425484,32.879883,32.879883
ATGGCTCAAG,0.004536245,0.005315511,non-CG,0.972245777,1.13077535,-28.735252,-28.735252,17.189650999999998,17.189650999999998
GTTGTGCCAG,0.003898228,0.005315043,non-CG,0.820668291,1.130687302,-35.542708,-35.542708,23.997107,23.997107
ATGGCCCAAT,0.008323437,0.005308165,non-CG,1.579221471,1.129392401,-44.576845,-44.576845,33.031244,33.031244
GTTACAAAAC,0.005669778,0.005282064,non-CG,1.195296164,1.124463131,-30.230631,-30.230631,18.685029999999998,18.685029999999998
GTTTAGTAAT,0.004261917,0.005264918,non-CG,0.909865259,1.121211771,-33.704572,-33.704572,22.158971,22.158971
CTTTAGCAAC,0.005000867,0.00524025,non-CG,1.069757498,1.116515407,-29.548784,-29.548784,18.003183,18.003183
CTTGCGCCAA,0.003765548,0.005229189,CG,0.786039602,1.114402399,-53.877269,-56.459213,42.331668,44.913612
ATTAAGCCAT,0.004269797,0.005203947,non-CG,0.911712485,1.109563576,-33.025818,-33.025818,21.480217000000003,21.480217000000003
CTTTCCTAAC,0.002985158,0.005198772,non-CG,0.553798877,1.108568644,-32.974335,-32.974335,21.428734000000006,21.428734000000006
CTTACCTAAC,0.008684261,0.005179429,non-CG,1.621658507,1.104841019,-30.04834,-30.04834,18.502739,18.502739
GTTATGCAAA,0.009370091,0.005152717,non-CG,1.697669008,1.099670349,-53.501583,-53.501583,41.955982,41.955982
ATTGTACCAC,0.003466782,0.005147969,non-CG,0.703372986,1.098748468,-55.74768,-55.74768,44.202079000000005,44.202079000000005
TTTGCGCCAC,0.005892513,0.005095725,CG,1.233828762,1.088548153,-40.765844,-43.347788,29.220243000000004,31.802187000000004
ATGACACAAG,0.007901543,0.005065389,non-CG,1.527204257,1.082577137,-16.042759,-16.042759,4.497158000000001,4.497158000000001
ATTGCCCAAA,0.004251089,0.005058475,non-CG,0.907321386,1.081211255,-57.274082,-57.274082,45.728481,45.728481
GTTTGGTAAT,0.004296403,0.005050027,non-CG,0.917924361,1.07953979,-41.32966,-41.32966,29.784059,29.784059
CTTGTTTAAT,0.00198003,0.005041714,non-CG,0.143258196,1.077892304,-62.44209,-62.44209,50.896489,50.896489
CTTACTTAAG,0.006285306,0.00503969,non-CG,1.298360728,1.077490772,-19.929028,-19.929028,8.383427,8.383427
TTTACGCCAG,0.003036352,0.005014828,CG,0.570802995,1.072545324,-16.197948,-18.779893,4.652347000000001,7.234292000000002
GCTGCGCAAG,0.0042711,0.004989669,CG,0.912017605,1.067515775,-22.655928,-25.237872,11.110327,13.692271
GTGACATAAC,0.006792557,0.004980604,non-CG,1.375973654,1.065697369,-27.263513,-27.263513,15.717912,15.717912
GTTGCTCAAA,0.0042811,0.004968099,non-CG,0.914356186,1.063183472,-58.357941,-58.357941,46.81234,46.81234
GTTGGTCAAC,0.005181087,0.004952047,non-CG,1.10516108,1.059947227,-49.743046,-49.743046,38.197445,38.197445
GTTGTACAAT,0.003163865,0.004944835,non-CG,0.611940582,1.058489798,-59.205138,-59.205138,47.659537,47.659537
ATTAAGTAAG,0.004839447,0.004872848,non-CG,1.036946658,1.043824771,-13.853126,-13.853126,2.307525,2.307525
CTTGCACCAG,0.003529322,0.00481709,non-CG,0.721251985,1.032316211,-29.290648,-29.290648,17.745047,17.745047
CTTTGGCAAT,0.006349008,0.004810948,non-CG,1.30844478,1.031040354,-42.896152,-42.896152,31.350551000000003,31.350551000000003
ATTAGGCAAA,0.003764804,0.004778747,non-CG,0.785842002,1.024324578,-50.434002,-50.434002,38.888401,38.888401
CTTATGCAAA,0.004810986,0.004742676,non-CG,1.031048253,1.016747734,-55.085658,-55.085658,43.540057000000004,43.540057000000004
GTTGCTCCAT,0.007694062,0.004712492,non-CG,1.500595063,1.010363055,-48.574844,-48.574844,37.029243,37.029243
ATTACACAAA,0.008062672,0.004701677,non-CG,1.547391215,1.008065454,-47.972973,-47.972973,36.427372000000005,36.427372000000005
GTGGAGTAAC,0.00378313,0.00465294,non-CG,0.79069791,0.997645478,-33.156654,-33.156654,21.611053000000005,21.611053000000005
CTTGGGCAAA,0.001715756,0.004642066,non-CG,0.0,0.995305726,-60.767751,-60.767751,49.22215,49.22215
TTTACGCAAA,0.007694941,0.004632572,CG,1.5007093,0.993258422,-45.214023,-47.795967,33.668422,36.250366
GCTACGTAAT,0.004392077,0.00462871,CG,0.939948436,0.992424412,-30.849288,-33.431233,19.303687000000004,21.885632
TTTGCGCCAG,0.003176747,0.004608732,CG,0.616003917,0.988098965,-27.255147,-29.837092,15.709546000000001,18.291491
GTTGCGCGAC,0.006602306,0.004601858,CG,1.347565182,0.986606335,-36.851102,-39.444033,25.305501,27.898432
GTGACCCAAC,0.00267354,0.004568176,non-CG,0.443549637,0.979260201,-25.48984,-25.48984,13.944239000000001,13.944239000000001
GTGACACAAG,0.00460279,0.004566282,non-CG,0.986808842,0.978845507,-13.735233,-13.735233,2.1896319999999996,2.1896319999999996
GTTAAGAAAC,0.005275076,0.004563408,non-CG,1.123139287,0.978215913,-25.066573,-25.066573,13.520972000000002,13.520972000000002
TTTTCGCAAA,0.003575463,0.004560379,CG,0.734240878,0.977551934,-48.140017,-50.721962,36.594416,39.176361
ATGGCCTAAT,0.004264157,0.004551081,non-CG,0.910390706,0.975510987,-44.594427,-44.594427,33.048826000000005,33.048826000000005
ATTGCGCGAT,0.007901712,0.00454948,CG,1.527225645,0.975159141,-44.880908,-47.473839,33.335307,35.928238
CTTGCAAAAT,0.004239281,0.004521699,non-CG,0.90453988,0.969034008,-48.594185,-48.594185,37.048584000000005,37.048584000000005
ATTGGGTAAA,0.003654535,0.004514732,non-CG,0.756115062,0.967492028,-61.508784,-61.508784,49.963183,49.963183
TTTATGCAAC,0.00698369,0.004503394,non-CG,1.403723631,0.964977535,-41.974233,-41.974233,30.428632,30.428632
ATTGCCCCAC,0.005193013,0.004464309,non-CG,1.107460268,0.956260643,-41.768705,-41.768705,30.223104,30.223104
CTTATGTCAC,0.006599357,0.004460869,non-CG,1.34711842,0.95548979,-39.597863,-39.597863,28.052262,28.052262
CTTGTGCCAT,0.004861249,0.004456959,non-CG,1.041441601,0.954612895,-56.35976,-56.35976,44.814159000000004,44.814159000000004
GTTGTGAAAA,0.004194977,0.004453799,non-CG,0.894034057,0.95390364,-64.58664,-64.58664,53.041039000000005,53.041039000000005
GCTACGTAAC,0.003450544,0.004416716,CG,0.6986781,0.945542634,-25.127008,-27.708952,13.581407,16.163351
GTTATGCCAC,0.004508879,0.004415443,non-CG,0.966194764,0.945254369,-37.996205,-37.996205,26.450604000000006,26.450604000000006
ATTATGCCAT,0.007777326,0.00440185,non-CG,1.511358777,0.942171107,-46.026011,-46.026011,34.48041,34.48041
GTGGCACAAG,0.003717568,0.004391123,non-CG,0.773215891,0.939731203,-24.792433,-24.792433,13.246832,13.246832
CTTATGCCAT,0.00509396,0.004366526,non-CG,1.088201724,0.934113927,-45.302561,-45.302561,33.75696,33.75696
GTTGGGTCAT,0.00515176,0.004356256,non-CG,1.099484604,0.931759173,-49.418161,-49.418161,37.87256,37.87256
CTTGTGCAAA,0.003519027,0.004355158,non-CG,0.718330731,0.93150709,-66.142857,-66.142857,54.59725600000001,54.59725600000001
AGTGCGTAAC,0.007105299,0.004352084,CG,1.420987044,0.930801011,-37.852932,-40.434876,26.307331000000005,28.889275000000005
CTTGTTCAAC,0.002056066,0.004313726,non-CG,0.180940648,0.921948232,-56.702227,-56.702227,45.156626,45.156626
GTTGTGTCAG,0.004757125,0.004277029,non-CG,1.019789694,0.91340481,-35.56029,-35.56029,24.014689000000004,24.014689000000004
ATTACAAAAC,0.008145324,0.004274914,non-CG,1.55759022,0.912910185,-32.538156,-32.538156,20.992555000000003,20.992555000000003
CTTGCTAAAT,0.004011284,0.004265592,non-CG,0.84925759,0.910727176,-50.229479,-50.229479,38.683878,38.683878
GTGTCATAAT,0.00785538,0.004260209,non-CG,1.521344848,0.90946442,-35.911788,-35.911788,24.366187000000004,24.366187000000004
GTTATGCCAT,0.007345566,0.004257477,non-CG,1.454243066,0.908822931,-43.718486,-43.718486,32.172885,32.172885
GTGGCTCAAT,0.004012886,0.004239732,non-CG,0.849656883,0.90464626,-45.660704,-45.660704,34.115103000000005,34.115103000000005
ATTGTGCCAG,0.003090878,0.004185887,non-CG,0.588601393,0.891864829,-37.850233,-37.850233,26.304632000000005,26.304632000000005
CTGGCGAAAC,0.002511297,0.00417946,CG,0.380945553,0.890328252,-35.528311,-38.110256,23.982710000000004,26.564655000000002
TTTAGGCAAT,0.004439766,0.004094148,non-CG,0.950747873,0.869704837,-42.321408,-42.321408,30.775807,30.775807
ATTTGGCAAG,0.003085002,0.004052222,non-CG,0.586698506,0.859411573,-24.386625,-24.386625,12.841023999999999,12.841023999999999
GTTAAGTCAT,0.004050638,0.004045853,non-CG,0.8590206,0.857838606,-30.735875,-30.735875,19.190274000000002,19.190274000000002
ATTATGCCAG,0.00570879,0.004027884,non-CG,1.202153292,0.853387376,-26.793034,-26.793034,15.247433,15.247433
CTTACCAAAT,0.003334121,0.003996837,non-CG,0.664355277,0.845649498,-35.780896,-35.780896,24.235295,24.235295
GTTAGGCCAC,0.005327636,0.003979064,non-CG,1.133053813,0.841192816,-32.621099,-32.621099,21.075498000000003,21.075498000000003
GTTCCGTAAC,0.002923975,0.003965174,CG,0.533090192,0.837695938,-25.28951,-27.871454,13.743909,16.325853000000002
GTTACTTCAC,0.005971879,0.003935835,non-CG,1.247207818,0.830269258,-31.812947,-31.812947,20.267346000000003,20.267346000000003
GTGGCGCCAG,0.002342423,0.003862618,CG,0.311332064,0.811491392,-20.362979,-22.944924,8.817378,11.399323
CTTGTTCAAG,0.003069974,0.003858966,non-CG,0.581815293,0.810545472,-43.19153,-43.19153,31.645929000000002,31.645929000000002
GTGGCTCAAC,0.002557141,0.003851171,non-CG,0.399036038,0.808523458,-39.938423,-39.938423,28.392822000000002,28.392822000000002
CTTGTACAAT,0.002734653,0.003847212,non-CG,0.466150754,0.80749493,-60.789213,-60.789213,49.243612,49.243612
GTTATCCAAC,0.002682474,0.00382614,non-CG,0.446885703,0.802002662,-40.669568,-40.669568,29.123967,29.123967
CTTGTGTAAA,0.003917772,0.003790322,non-CG,0.825669325,0.792597176,-66.16044,-66.16044,54.614838999999996,54.614838999999996
GTTGCTTAAA,0.004458031,0.003787482,non-CG,0.954853389,0.791847619,-58.375524,-58.375524,46.829923,46.829923
ATTATGTAAA,0.005063498,0.003768794,non-CG,1.082203749,0.786901257,-55.826691,-55.826691,44.28109,44.28109
GGTGCGTAAC,0.006130394,0.003748244,CG,1.273405222,0.781433664,-35.545406,-38.127351,23.999805000000002,26.58175
ATAGCGTAAC,0.005537331,0.003720623,CG,1.171658816,0.774037328,-37.051778,-39.633723,25.506177,28.088122000000006
GTTATGTCAG,0.002293661,0.003690897,non-CG,0.290295431,0.766015718,-24.503091,-24.503091,12.957490000000002,12.957490000000002
GTTTGGCAAG,0.003125463,0.003682323,non-CG,0.599728632,0.763690003,-22.0791,-22.0791,10.533499,10.533499
GTTGAACAAT,0.002143782,0.003630025,non-CG,0.222717759,0.749385735,-46.204945,-46.204945,34.659344000000004,34.659344000000004
CTTTGGCAAC,0.00331749,0.003611593,non-CG,0.659354673,0.744295149,-37.173871,-37.173871,25.62827,25.62827
ATTATCCAAC,0.003134178,0.003604963,non-CG,0.602513139,0.742457707,-42.977094,-42.977094,31.431493000000003,31.431493000000003
ATGGCCCAAC,0.003248634,0.00357228,non-CG,0.6383808,0.733350248,-38.854564,-38.854564,27.308963000000006,27.308963000000006
GTGGCATAAG,0.001949301,0.003563456,non-CG,0.127617047,0.730877061,-24.810015,-24.810015,13.264414,13.264414
ATTTGGTAAC,0.005658277,0.003549619,non-CG,1.193265629,0.726986474,-37.914904,-37.914904,26.369303000000002,26.369303000000002
GTTAAGTAAG,0.003339203,0.003543644,non-CG,0.665878356,0.725301776,-11.545601,-11.545601,0.0,0.0
TTTGGGTAAC,0.002790195,0.003532396,non-CG,0.486257686,0.722122594,-47.673909,-47.673909,36.128308000000004,36.128308000000004
ATTATGCCAC,0.004475534,0.00351167,non-CG,0.958771874,0.716237908,-40.303731,-40.303731,28.75813,28.75813
GTTGATCAAC,0.00569843,0.003485713,non-CG,1.200336898,0.708818815,-42.117959,-42.117959,30.572358,30.572358
GTTACTCAAA,0.002865889,0.003429372,non-CG,0.513024799,0.692523354,-47.300742,-47.300742,35.755141,35.755141
CTTACGCCAA,0.003316064,0.00342376,CG,0.658924738,0.690885563,-42.82007,-45.402014,31.274469000000003,33.856413
GCTACGCAAG,0.004336489,0.003410522,CG,0.927211235,0.687011559,-11.598728,-14.180673,0.053126999999999924,2.635072000000001
ATTGATCAAT,0.007955141,0.003403211,non-CG,1.533964587,0.684865598,-50.147764,-50.147764,38.602163000000004,38.602163000000004
CTTGGATAAC,0.001853156,0.003351471,non-CG,0.077036332,0.669545554,-49.709409,-49.709409,38.163808,38.163808
GTTGCGCGAT,0.006427083,0.003279662,CG,1.320666981,0.647886568,-42.573383,-45.166313,31.027782000000002,33.620712000000005
CCTGCGTAAC,0.005139853,0.003272695,CG,1.09717068,0.645760005,-37.768282,-40.350226,26.222681,28.804625
GTGGAGCAAC,0.005621502,0.003267316,non-CG,1.186745088,0.644115053,-33.139071,-33.139071,21.593470000000003,21.593470000000003
GTTGTACCAC,0.003541964,0.003267062,non-CG,0.724827576,0.64403731,-53.440155,-53.440155,41.894554,41.894554
ATTGGACAAT,0.003955209,0.003247497,non-CG,0.835179645,0.638030746,-56.137558,-56.137558,44.591957,44.591957
GTTAAGCCAT,0.003975768,0.003243795,non-CG,0.840364137,0.636890141,-30.718292,-30.718292,19.172691,19.172691
GTAGCGTAAC,0.004596994,0.003191158,CG,0.985548812,0.620530061,-34.744253,-37.326197,23.198652000000003,25.780596000000003
CTGGCACAAG,0.003906259,0.003170893,non-CG,0.822726339,0.614159452,-26.376507,-26.376507,14.830906,14.830906
CTGGTGCAAC,0.002984281,0.003165855,non-CG,0.553505047,0.612569361,-47.723339,-47.723339,36.177738000000005,36.177738000000005
GTTAAGTCAC,0.0060033,0.003157816,non-CG,1.252455518,0.61002685,-25.013594,-25.013594,13.467993000000002,13.467993000000002
CTTGTGTCAG,0.00451381,0.003139757,non-CG,0.967287786,0.604291609,-37.144365,-37.144365,25.598764000000003,25.598764000000003
GTTAAGCAAA,0.003320713,0.003131055,non-CG,0.660325719,0.601516209,-40.50139,-40.50139,28.955789000000003,28.955789000000003
GTTAGACAAG,0.002404946,0.003084056,non-CG,0.33767365,0.586391814,-23.539856,-23.539856,11.994255,11.994255
ATTGTACCAT,0.004343233,0.003036873,non-CG,0.928765202,0.570974568,-61.469961,-61.469961,49.92436,49.92436
GTTGGACAAC,0.004546187,0.002783656,non-CG,0.97443506,0.483911372,-48.107752,-48.107752,36.562151,36.562151
CTTGGACAAC,0.001851217,0.002751736,non-CG,0.075989461,0.472378185,-49.691826,-49.691826,38.146225,38.146225
GTTGGGCAAA,0.003876907,0.002668086,non-CG,0.815183871,0.441507562,-59.183676,-59.183676,47.638075,47.638075
CTGGTGTAAC,0.006026635,0.002557949,non-CG,1.256335012,0.399351966,-47.740922,-47.740922,36.195321,36.195321
