Sequence,label,rel_affinity_LibU,rel_affinity_LibM,ddg_LibU,ddg_LibM,ddg_IDEA_LibU,ddg_IDEA_LibM,ddg_IDEA_flank_LibU,ddg_IDEA_flank_LibM,ddg_IDEA_center_LibU,ddg_IDEA_center_LibM,ddg_IDEA_centerflank_LibU,ddg_IDEA_centerflank_LibM
ATGACGTCAT,center,1,0.2784945,8.275106205,6.996749237,7.324829,6.52064,96.217179,81.700363,112.44479,93.268711,96.659877,78.973804
CTGACGTCAT,center,0.785346266,0.180235922,8.03347565,6.561617597,7.00131,6.197121,80.368868,65.852052,99.561778,80.385699,83.175709,65.489636
ATGACGTCAC,center,0.625783277,0.122738271,7.806355035,6.177405137,6.487225,5.683037,83.617405,69.100589,101.294654,82.118574,85.526962,67.840889
CTGACGTCAG,center,0.56346387,0.099750891,7.701454141,5.970026914,6.405131,5.600943,65.819005,51.30219,87.528295,68.352215,70.688243,53.00217
ATGATGTCAT,non-CG,0.465819318,0.3948935,7.511148756,7.345967035,6.338729,6.338729,89.819167,89.819167,83.105235,83.105235,79.245076,79.245076
CTGACGTCAC,center,0.455830897,0.077663427,7.489472827,5.719735378,6.163706,5.359518,67.769093,53.252277,88.411642,69.235562,72.042794,54.356721
ATGATATCAT,non-CG,0.402836872,0.359460606,7.365882622,7.251955518,5.561777,5.561777,83.458678,83.458678,53.619507,53.619507,61.774036,61.774036
GTGACGTCAC,center,0.292069594,0.044774151,7.044343036,5.168981913,5.642689,4.8385,69.668348,55.151532,89.037113,69.861034,73.24891,55.562837
CTGATGTCAT,non-CG,0.25702006,0.215911744,6.916505063,6.742220658,6.01521,6.01521,73.970855,73.970855,70.222223,70.222223,65.760908,65.760908
ATGATGTCAG,non-CG,0.234380005,0.187198768,6.824294678,6.599521909,5.74255,5.74255,75.269305,75.269305,71.071751,71.071751,66.75761,66.75761
ATGACATCAC,non-CG,0.191004321,0.165532126,6.619646977,6.476516217,5.710273,5.710273,77.256916,77.256916,71.808926,71.808926,68.055922,68.055922
ATGATGTCAC,non-CG,0.184282922,0.144173026,6.583823123,6.338365074,5.501126,5.501126,77.219393,77.219393,71.955098,71.955098,68.112161,68.112161
CTTACGTCAT,center,0.183501383,0.025607133,6.579573131,4.610221872,5.099658,4.29547,76.397585,61.880769,95.95556,76.779481,79.563496,61.877423
ATGATATCAC,non-CG,0.171815359,0.143357733,6.513771332,6.332694062,4.724173,4.724173,70.858904,70.858904,42.46937,42.46937,50.641121,50.641121
CTGATATCAT,non-CG,0.160960504,0.149403681,6.448509944,6.374002837,5.238258,5.238258,67.610367,67.610367,40.736495,40.736495,48.289867,48.289867
CTGATGTCAG,non-CG,0.139780904,0.100276541,6.307427152,5.975282706,5.419032,5.419032,59.420993,59.420993,58.188739,58.188739,53.273442,53.273442
ATGACGTCAA,center,0.125113027,0.017091126,6.196568471,4.205910308,5.264885,4.460697,86.471007,71.954191,101.397147,82.221067,86.701081,69.015008
CTTACGTCAG,center,0.12110334,0.014726191,6.163995157,4.056978535,4.50348,3.699291,61.847722,47.330907,83.922077,64.745997,67.076031,49.389958
ATTACGTCAT,center,0.112461514,0.014466848,6.089961992,4.039210613,5.423177,4.618989,92.245896,77.72908,108.838572,89.662493,93.047665,75.361591
CTGATGTCAC,non-CG,0.101685168,0.077511832,5.989232378,5.717781522,5.177607,5.177607,61.371081,61.371081,59.072086,59.072086,54.627992,54.627992
CTGACATCAC,non-CG,0.090448419,0.077525343,5.872130659,5.717955816,5.386754,5.386754,61.408604,61.408604,58.925914,58.925914,54.571753,54.571753
CTGACGTCAA,center,0.08338236,0.009544719,5.790787703,3.623338944,4.941366,4.137178,70.622696,56.10588,88.514135,69.338055,73.216912,55.530839
CTTACGTCAC,center,0.074425351,0.008843242,5.677147549,3.547004478,4.262055,3.457866,63.79781,49.280994,84.805424,65.629344,68.430581,50.744508
GTGATGTCAC,non-CG,0.072909553,0.050049191,5.656570599,5.280357268,4.656589,4.656589,63.270336,63.270336,59.697558,59.697558,55.834109,55.834109
ATTACGTCAG,center,0.068468915,0.008509464,5.593730773,3.508529882,4.826999,4.02281,77.696034,63.179218,96.805088,77.629009,80.560199,62.874126
GTGATATCAC,non-CG,0.063427148,0.047494084,5.517242898,5.227956082,3.879637,3.879637,56.909847,56.909847,30.21183,30.21183,38.363068,38.363068
CTGATATCAC,non-CG,0.061795009,0.051189008,5.491173527,5.302875748,4.400654,4.400654,55.010592,55.010592,29.586359,29.586359,37.156952,37.156952
CTGATATCAG,non-CG,0.061741496,0.048863775,5.490307176,5.256387251,4.642079,4.642079,53.060504,53.060504,28.703011,28.703011,35.802402,35.802402
ATGACGCCAT,center,0.045975431,0.007525289,5.195458071,3.385620142,4.580937,3.776749,70.252543,55.735727,83.475727,64.299647,69.837203,52.15113
GTGACGTCAA,center,0.044690748,0.0051009,5.167117427,2.996767921,4.420349,3.616161,72.52195,58.005135,89.139606,69.963527,74.423029,56.736955
ATTACGTCAC,center,0.04186929,0.005241316,5.101903549,3.023923538,4.585574,3.781385,79.646122,65.129306,97.688436,78.512356,81.914749,64.228676
ATGACGCCAG,center,0.040994743,0.005498497,5.080794765,3.071825709,3.984759,3.18057,55.702681,41.185865,71.442243,52.266163,57.349737,39.663664
CTCACGTCAT,center,0.032790871,0.004302768,4.85750108,2.826609463,4.080506,3.276317,72.340799,57.823983,89.690322,70.514243,74.28605,56.599977
ATCACGTCAT,center,0.030293121,0.004330962,4.778271583,2.833140615,4.404025,3.599836,88.18911,73.672294,102.573334,83.397254,87.770218,70.084145
CTGACGCCAT,center,0.027898598,0.004637599,4.695927363,2.901547702,4.257418,3.45323,54.404231,39.887415,70.592715,51.416635,56.353035,38.666962
CTGACGCCAG,center,0.0257479,0.003642004,4.615703997,2.659885006,3.66124,2.857051,39.854369,25.337553,58.559231,39.383152,43.865569,26.179496
ATGACGACAT,center,0.025247722,0.00675128,4.59608686,3.277083043,4.522953,3.718764,76.122383,61.605567,83.741779,64.565699,72.678409,54.992336
CTTACATCAT,non-CG,0.024306983,0.023509728,4.558114602,4.524765219,4.322706,4.322706,70.037096,70.037096,66.469832,66.469832,62.092456,62.092456
ATGACGACAG,center,0.022812623,0.003028817,4.494664949,2.475523041,3.926774,3.122586,61.572521,47.055705,71.708295,52.532215,60.190943,42.50487
ATGATGTCAA,non-CG,0.021614425,0.01538362,4.440711842,4.100654233,4.278786,4.278786,80.072995,80.072995,72.057591,72.057591,69.28628,69.28628
ATGATGACAT,non-CG,0.021255907,0.016737134,4.42398576,4.18498077,3.536853,3.536853,69.724371,69.724371,54.402223,54.402223,55.263608,55.263608
ATAACGTCAT,center,0.019962137,0.003470554,4.361188256,2.611665162,3.795165,2.990977,96.666637,82.149821,110.398634,91.222554,96.150747,78.464674
ATGATCTCAT,non-CG,0.019368016,0.01628974,4.330973972,4.157886388,3.374321,3.374321,79.388331,79.388331,65.632209,65.632209,65.594639,65.594639
CTCACGTCAG,center,0.018873371,0.002741809,4.305102913,2.375968848,3.484327,2.680139,57.790937,43.274121,77.656838,58.480759,61.798584,44.112511
GTTACGTCAT,center,0.018459734,0.002924937,4.282942746,2.440623868,4.578641,3.774452,78.296839,63.780023,96.581032,77.404952,80.769612,63.083539
ATCACGTCAG,center,0.016921326,0.002406879,4.195925646,2.245681814,3.807846,3.003658,73.639248,59.122432,90.53985,71.363771,75.282753,57.596679
ATTACATCAT,non-CG,0.015615093,0.014575905,4.115588873,4.046720749,4.646225,4.646225,85.885407,85.885407,79.352844,79.352844,75.576624,75.576624
CTGGCGTCAC,center,0.015119476,0.002466946,4.08333464,2.270331875,3.454282,2.650094,42.43154,27.914724,60.181602,41.005522,45.863298,28.177225
GTGACGCCAT,center,0.014746105,0.002424735,4.058329906,2.253073166,3.736401,2.932212,56.303486,41.78667,71.218186,52.042107,57.559151,39.873078
ATGAGGTCAT,non-CG,0.014119189,0.013158364,4.014885721,3.944408528,3.905654,3.905654,85.882613,85.882613,95.203251,95.203251,83.166213,83.166213
CTAACGTCAT,center,0.014051859,0.002039523,4.010105627,2.080066883,3.471647,2.667458,80.818325,66.301509,97.515622,78.339542,82.666578,64.980505
ATGACATCAA,non-CG,0.013831606,0.010352591,3.99430719,3.704587753,4.487933,4.487933,80.110518,80.110518,71.911419,71.911419,69.23004,69.23004
CTTATGTCAT,non-CG,0.013661037,0.012106939,3.981898693,3.861129686,4.113559,4.113559,69.999572,69.999572,66.616005,66.616005,62.148695,62.148695
CTTACATCAG,non-CG,0.013444942,0.010590757,3.965953902,3.727332566,3.726527,3.726527,55.487233,55.487233,54.436349,54.436349,49.60499,49.60499
CTGACGACAG,center,0.013101275,0.002806648,3.94006048,2.399341815,3.603255,2.799067,45.72421,31.207394,58.825283,39.649204,46.706775,29.020702
CTGACGACAT,center,0.012983958,0.004921967,3.931065522,2.961059174,4.199434,3.395245,60.274072,45.757256,70.858767,51.682687,59.194241,41.508167
ATGATTTCAT,non-CG,0.012711204,0.010418177,3.909834736,3.710902995,3.468349,3.468349,88.276905,88.276905,67.145318,67.145318,70.44245,70.44245
ATGTCATCAC,non-CG,0.012706322,0.012867247,3.909450591,3.922036017,2.86396,2.86396,57.398573,57.398573,43.540356,43.540356,44.383851,44.383851
ATGTCATCAA,non-CG,0.012401923,0.012680308,3.885202468,3.907401165,1.64162,1.64162,60.252176,60.252176,43.642849,43.642849,45.55797,45.55797
ACGACGTCAT,center+flank,0.011601959,0.043422792,3.81852489,5.138335391,4.02303,5.125529,87.913407,80.747931,97.822098,73.407039,84.75403,68.01028
CTGATGTCAA,non-CG,0.011215782,0.007339684,3.78467282,3.360646716,3.955267,3.955267,64.224684,64.224684,59.17458,59.17458,55.802111,55.802111
GTTACGTCAG,center,0.010661337,0.001705561,3.733974759,1.901245015,3.982462,3.178274,63.746977,49.230161,84.547548,65.371468,68.282147,50.596074
AAGACGTCAT,center,0.010591369,0.002309513,3.727390351,2.204387606,3.677445,2.873256,94.820856,80.30404,104.567616,85.391536,91.949303,74.26323
CTCACGTCAC,center,0.010560551,0.001664347,3.724476381,1.876783781,3.242902,2.438714,59.741024,45.224208,78.540186,59.364106,63.153135,45.467062
ATGTCATCAG,non-CG,0.010397187,0.009508373,3.708886215,3.619523705,3.105385,3.105385,55.448486,55.448486,42.657008,42.657008,43.029301,43.029301
CTTACGTAAG,center,0.010351062,0.001558702,3.704440049,1.81120435,2.585784,1.781596,57.902283,43.385467,80.330583,61.154503,63.479781,45.793708
ATTATGACAT,non-CG,0.010310124,0.007776847,3.700477251,3.418501912,1.635202,1.635202,65.753088,65.753088,50.796005,50.796005,51.651395,51.651395
ATAACGTCAG,center,0.01015851,0.001816195,3.685662704,1.96409458,3.198987,2.394798,82.116774,67.599959,98.36515,79.18907,83.663281,65.977208
ATGACGCAAG,center,0.009927857,0.001428079,3.66269557,1.723681111,2.067063,1.262874,51.757241,37.240425,67.850749,48.674669,53.753488,36.067415
CCTACGTCAT,center,0.009865443,0.001781898,3.656388971,1.945030015,1.79786,0.993672,68.093813,53.576997,81.332868,62.156789,67.657649,49.971576
ATCACGTCAC,center,0.009288559,0.001627008,3.596134354,1.854093672,3.566421,2.762233,75.589336,61.07252,91.423198,72.247118,76.637303,58.95123
ACTACGTCAT,center,0.009227807,0.001450334,3.589572352,1.739144801,2.121379,1.31719,83.942124,69.425308,94.21588,75.039801,81.141817,63.455744
ATGATATCAA,non-CG,0.009046894,0.008102943,3.569772421,3.459578255,3.501834,3.501834,73.712506,73.712506,42.571863,42.571863,51.815239,51.815239
CTTACATCAC,non-CG,0.008854754,0.008361663,3.548305416,3.491008257,3.485103,3.485103,57.437321,57.437321,55.319696,55.319696,50.959541,50.959541
CTGAGGTCAT,non-CG,0.008577745,0.007696796,3.516521985,3.408155065,3.582135,3.582135,70.034301,70.034301,82.320239,82.320239,69.682044,69.682044
AATACGTCAT,center,0.008529208,0.001625737,3.510847435,1.853312178,1.775793,0.971605,90.849572,76.332757,100.961398,81.785318,88.337091,70.651018
ATGACGCCAC,center,0.008524662,0.001570651,3.510314301,1.818841109,3.743334,2.939145,57.652768,43.135952,72.32559,53.149511,58.704288,41.018215
CTTACGTCAA,center,0.00845049,0.001159213,3.501575354,1.515092253,3.039715,2.235527,66.651413,52.134597,84.907917,65.731837,69.6047,51.918627
ATGAGGTCAG,non-CG,0.008073591,0.007760452,3.455949291,3.416391506,3.309475,3.309475,71.332751,71.332751,83.169767,83.169767,70.678747,70.678747
GTGACGACAT,center,0.007761196,0.005086292,3.416487372,2.993900004,3.678416,2.874228,62.173326,47.65651,71.484238,52.308159,60.400357,42.714284
ATGATCTCAG,non-CG,0.007744291,0.005854897,3.414306853,3.134629331,2.778142,2.778142,64.838469,64.838469,53.598725,53.598725,53.107174,53.107174
ATTGCGTCAT,center,0.00758091,0.001813485,3.392984172,1.962601335,2.713753,1.909565,66.908343,52.391527,80.608532,61.432453,66.868169,49.182096
ATTACATCAG,non-CG,0.007574555,0.006895327,3.39214553,3.298194862,4.050046,4.050046,71.335545,71.335545,67.319361,67.319361,63.089159,63.089159
GTCACGTCAT,center,0.007539945,0.001434262,3.387565814,1.728001358,3.559488,2.7553,74.240053,59.723237,90.315793,71.139714,75.492166,57.806093
GTGACGACAG,center,0.007458219,0.00146077,3.376667572,1.74631462,3.082238,2.278049,47.623464,33.106648,59.450754,40.274675,47.912891,30.226818
ATGAAGTCAT,non-CG,0.007456651,0.003894348,3.376457312,2.726877198,3.589258,3.589258,94.297444,94.297444,96.122457,96.122457,87.508128,87.508128
CTAACGTCAG,center,0.007449526,0.001228359,3.375501333,1.573030059,2.875468,2.071279,66.268463,51.751647,85.482138,66.306059,70.179113,52.49304
ATTATGTCAT,non-CG,0.007258907,0.006113416,3.349580193,3.177836627,4.437078,4.437078,85.847884,85.847884,79.499017,79.499017,75.632863,75.632863
ACGACGTCAG,center+flank,0.007246213,0.019999324,3.347829914,4.363049399,3.426852,4.529351,73.363545,66.198069,85.788614,61.373556,72.266564,55.522815
CTTATATCAT,non-CG,0.007117112,0.007380228,3.329852952,3.366155459,3.336607,3.336607,63.639083,63.639083,37.130277,37.130277,44.677655,44.677655
ATGATGCCAT,non-CG,0.007033089,0.005600144,3.317976938,3.090143238,3.594838,3.594838,63.854531,63.854531,54.136171,54.136171,52.422402,52.422402
CTGATCTCAT,non-CG,0.006740351,0.006091486,3.275462927,3.174242985,3.050802,3.050802,63.540019,63.540019,52.749197,52.749197,52.110471,52.110471
GTGATGTCAA,non-CG,0.006685614,0.004433853,3.26730898,2.856619884,3.434249,3.434249,66.123938,66.123938,59.800051,59.800051,57.008227,57.008227
AAGACGTCAG,center,0.006664224,0.001275749,3.264104444,1.610884383,3.081266,2.277078,80.270993,65.754178,92.534132,73.358052,79.461838,61.775765
ATGACGGCAT,center,0.006539167,0.002266475,3.245160714,2.185576687,3.588777,2.784589,71.129562,56.612746,91.457742,72.281662,74.046573,56.3605
ATGACGACAC,center,0.006420158,0.001499699,3.226793654,1.772615348,3.685349,2.881161,63.522609,49.005793,72.591642,53.415563,61.545494,43.859421
ATAACGTCAC,center,0.006390656,0.001246375,3.22218785,1.587590265,2.957562,2.153373,84.066862,69.550046,99.248497,80.072418,85.017832,67.331758
CCGACGTCAT,center+flank,0.006351048,0.010881227,3.215970765,3.754389937,3.699511,4.80201,72.065096,64.89962,84.939086,60.524028,71.269861,54.526112
CTGACATCAA,non-CG,0.006289846,0.004185472,3.206287513,2.798970408,4.164414,4.164414,64.262207,64.262207,59.028407,59.028407,55.745872,55.745872
CTTATGTCAG,non-CG,0.006232468,0.004620935,3.197123328,2.897947992,3.51738,3.51738,55.44971,55.44971,54.582521,54.582521,49.661229,49.661229
GTTACGTCAC,center,0.006056601,0.001229764,3.168499678,1.574173207,3.741037,2.936849,65.697065,51.180249,85.430895,66.254816,69.636697,51.950624
ATTACGTAAG,center,0.00593993,0.001158887,3.149048275,1.514810988,2.909303,2.105114,73.750595,59.233779,93.213594,74.037515,76.96395,59.277876
ATGACGTAAA,center,0.005883805,0.001111901,3.139554588,1.473422089,3.34719,2.543001,82.525568,68.008752,97.805653,78.629573,83.104831,65.418758
GTGATCTCAT,non-CG,0.00577504,0.004386634,3.120896109,2.845913117,2.529785,2.529785,65.439274,65.439274,53.374669,53.374669,53.316587,53.316587
ATGGTGTCAT,non-CG,0.005624255,0.004701632,3.094439421,2.915260609,3.629305,3.629305,64.481614,64.481614,54.875195,54.875195,53.06558,53.06558
ATTACATCAC,non-CG,0.00554006,0.004377047,3.079356257,2.843725222,3.808621,3.808621,73.285633,73.285633,68.202708,68.202708,64.443709,64.443709
CTCACATCAT,non-CG,0.005507007,0.004409516,3.073372208,2.851115859,3.303553,3.303553,65.98031,65.98031,60.204594,60.204594,56.815009,56.815009
ATCACATCAT,non-CG,0.005420462,0.004862648,3.057531978,2.948934072,3.627072,3.627072,81.828621,81.828621,73.087606,73.087606,70.299178,70.299178
CTTGCGTCAG,center,0.005316694,0.00102638,3.038202608,1.393388975,1.794056,0.989867,36.510169,21.993353,55.692037,36.515957,40.896535,23.210462
CTGAGGTCAG,non-CG,0.005134151,0.003730695,3.00326542,2.68394547,2.985956,2.985956,55.484439,55.484439,70.286755,70.286755,57.194579,57.194579
TCGACGTCAT,center+flank,0.005130785,0.003527455,3.002609595,2.627927574,2.042699,3.145198,77.377307,70.211831,85.680136,61.265077,73.905781,57.162031
ATTATATCAT,non-CG,0.005115502,0.004117403,2.999626464,2.782573551,3.660125,3.660125,79.487395,79.487395,50.013289,50.013289,58.161823,58.161823
ATGATCTCAC,non-CG,0.005013683,0.004301136,2.979521701,2.8262301,2.536717,2.536717,66.788556,66.788556,54.482073,54.482073,54.461724,54.461724
CTGACGCCAC,center,0.005010807,0.00123302,2.978947906,1.576817371,3.419815,2.615626,41.804457,27.287641,59.442578,40.266499,45.22012,27.534046
CTGATTTCAT,non-CG,0.004865436,0.004445254,2.949507258,2.859187937,3.14483,3.14483,72.428593,72.428593,54.262306,54.262306,56.958281,56.958281
ATGAAGTCAG,non-CG,0.004811192,0.002468075,2.938295797,2.270789421,2.99308,2.99308,79.747582,79.747582,84.088973,84.088973,75.020663,75.020663
ATGATTTCAC,non-CG,0.004789172,0.003469611,2.933708463,2.61139341,2.630746,2.630746,75.67713,75.67713,55.995181,55.995181,59.309535,59.309535
ATGACGGCAG,center,0.004787273,0.001374168,2.933311865,1.685199383,2.992598,2.18841,56.579699,42.062883,79.424258,60.248178,61.559108,43.873035
ATGACACCAG,non-CG,0.004733144,0.003961269,2.921940601,2.743915355,3.207806,3.207806,49.342192,49.342192,41.956515,41.956515,39.878697,39.878697
CTTATGTCAC,non-CG,0.004711077,0.003262374,2.917267471,2.549806078,3.275955,3.275955,57.399798,57.399798,55.465868,55.465868,51.01578,51.01578
TTGACGTCAA,center,0.004620482,0.000756486,2.897849955,1.088279674,3.284554,2.480366,75.934907,61.418091,89.255184,70.079105,75.852832,58.166759
ATTGCGTCAG,center,0.004570537,0.000973774,2.88698163,1.340774891,2.117575,1.313386,52.358481,37.841665,68.575049,49.398969,54.380703,36.69463
CTGACGGCAT,center,0.004558812,0.001342532,2.88441299,1.66190831,3.265258,2.46107,55.28125,40.764434,78.57473,59.39865,60.562405,42.876332
ATTACGTCAA,center,0.004509387,0.001146333,2.87351215,1.503919078,3.363234,2.559046,82.499724,67.982908,97.790929,78.614849,83.088868,65.402795
TTCACGTCAT,center,0.004462728,0.001077186,2.863111165,1.441703012,2.423694,1.619505,77.65301,63.136194,90.431372,71.255292,76.921969,59.235896
GTCACGTCAG,center,0.004370141,0.000778427,2.8421462,1.116870864,2.96331,2.159121,59.690191,45.173375,78.28231,59.10623,63.0047,45.318627
CTGAAGTCAT,non-CG,0.004304771,0.002268119,2.827074869,2.18630178,3.265739,3.265739,78.449132,78.449132,83.239445,83.239445,74.02396,74.02396
ATGACGTCGC,center+flank,0.004303842,0.014909969,2.826859039,4.069380976,2.934883,4.759871,75.180476,68.081516,86.402605,62.064179,73.411234,56.751095
ACGACGTCAC,center+flank,0.004274435,0.013727825,2.820002856,3.986775721,3.185427,4.287926,75.313633,68.148157,86.671962,62.256903,73.621115,56.877365
ATGAGGTCAC,non-CG,0.004251832,0.003301464,2.814700875,2.561716933,3.06805,3.06805,73.282838,73.282838,84.053115,84.053115,72.033298,72.033298
ATGAAATCAC,non-CG,0.00421972,0.003577338,2.807119701,2.641969875,1.974702,1.974702,75.33718,75.33718,55.486593,55.486593,58.904173,58.904173
CTAACGTCAC,center,0.004205355,0.001010851,2.80370964,1.378143477,2.634043,1.829855,68.218551,53.701735,86.365485,67.189406,71.533663,53.84759
ACTACGTCAG,center,0.004155336,0.001195607,2.791744218,1.546004933,1.5252,0.721012,69.392262,54.875446,82.182396,63.006317,68.654352,50.968278
GTAACGTCAT,center,0.004154788,0.000889907,2.79161233,1.25071261,2.950629,2.146441,82.71758,68.200764,98.141093,78.965014,83.872694,66.186621
CTTATGACAT,non-CG,0.004138266,0.004553705,2.787627786,2.883292114,1.311683,1.311683,49.904777,49.904777,37.912994,37.912994,38.167227,38.167227
AAGACGTCAC,center,0.003934826,0.001177384,2.737217589,1.530645955,2.839841,2.035653,82.221081,67.704265,93.417479,74.2414,80.816388,63.130315
ATGATATGAC,non-CG,0.003860418,0.001446107,2.718126394,1.736226045,1.873016,1.873016,62.825648,62.825648,32.583305,32.583305,41.742213,41.742213
GTGAGGTCAT,non-CG,0.003816479,0.003178086,2.706679196,2.523630055,3.061118,3.061118,71.933556,71.933556,82.94571,82.94571,70.888161,70.888161
ATGATACCAT,non-CG,0.003801543,0.003958512,2.702757963,2.743219123,2.817885,2.817885,57.494042,57.494042,24.650443,24.650443,34.951361,34.951361
ATGATTTCAG,non-CG,0.003735902,0.002939836,2.685340215,2.445704724,2.872171,2.872171,73.727042,73.727042,55.111834,55.111834,57.954984,57.954984
CTGATGCCAT,non-CG,0.003732308,0.003014695,2.684377735,2.470849591,3.271319,3.271319,48.006219,48.006219,41.253159,41.253159,38.938233,38.938233
TTGATGTCAC,non-CG,0.0036977,0.002730767,2.675061931,2.371933448,3.520794,3.520794,66.683292,66.683292,59.813136,59.813136,57.263912,57.263912
CTGACGGCAG,center,0.003689474,0.001110951,2.672834827,1.472567332,2.66908,1.864891,40.731388,26.214572,66.541246,47.365167,48.074939,30.388866
ATGATGACAG,non-CG,0.003676845,0.003300452,2.669405974,2.561410355,2.940675,2.940675,55.174509,55.174509,42.36874,42.36874,42.776142,42.776142
CTGACGACAC,center,0.003669268,0.001163021,2.667343113,1.518371856,3.36183,2.557642,47.674297,33.157481,59.70863,40.532551,48.061326,30.375252
CCGACGTCAG,center+flank,0.003579153,0.00478091,2.642477107,2.931981831,3.103333,4.205832,57.515233,50.349758,72.905603,48.490544,58.782396,42.038646
TTTACGTCAG,center,0.00353334,0.000659271,2.629594526,0.950730326,2.846668,2.042479,67.159933,52.643117,84.663126,65.487046,69.71195,52.025877
CTGAGATCAG,non-CG,0.003520524,0.002485899,2.625960769,2.277985291,2.209004,2.209004,49.12395,49.12395,40.801028,40.801028,39.723539,39.723539
ATGATGCCAG,non-CG,0.003501606,0.002734752,2.620572647,2.373391682,2.998659,2.998659,49.304668,49.304668,42.102688,42.102688,39.934936,39.934936
CTGATATCAA,non-CG,0.00350025,0.002897509,2.620185321,2.431202329,3.178315,3.178315,57.864195,57.864195,29.688852,29.688852,38.331071,38.331071
CAGACGTCAT,center,0.003440036,0.001144522,2.602832863,1.502338009,3.353926,2.549737,78.972544,64.455728,91.684604,72.508524,78.465135,60.779062
GTGATATGAC,non-CG,0.003407709,0.001381162,2.593391144,1.6902761,1.02848,1.02848,48.876591,48.876591,20.325765,20.325765,29.464161,29.464161
ATGACAACAT,non-CG,0.003405001,0.003484194,2.59259616,2.615587667,3.746,3.746,69.761894,69.761894,54.256051,54.256051,55.207369,55.207369
CTTGCGTCAC,center,0.003400822,0.000892981,2.591368093,1.254160951,1.552631,0.748442,38.460257,23.943441,56.575384,37.399304,42.251085,24.565012
GTGAAGTCAT,non-CG,0.003278508,0.001863391,2.554739367,1.989748872,2.744722,2.744722,80.348387,80.348387,83.864916,83.864916,75.230076,75.230076
CTGAAGTCAG,non-CG,0.003244005,0.001530085,2.544159604,1.792674216,2.669561,2.669561,63.89927,63.89927,71.205961,71.205961,61.536494,61.536494
GTGATATCAA,non-CG,0.003179791,0.002478494,2.524166398,2.275002044,2.657297,2.657297,59.763449,59.763449,30.314323,30.314323,39.537187,39.537187
ATAACATCAT,non-CG,0.00315981,0.003397268,2.517862826,2.590322506,3.018213,3.018213,90.306148,90.306148,80.912906,80.912906,78.679706,78.679706
ATTACGTAAT,center,0.003127132,0.000995266,2.507467217,1.362605685,3.505481,2.701293,88.300457,73.783641,105.247078,86.070999,89.451415,71.765342
CTGATATGAC,non-CG,0.003112712,0.00111864,2.502845298,1.479464588,1.549497,1.549497,46.977337,46.977337,19.700293,19.700293,28.258044,28.258044
GAGACGTCAT,center,0.0029959,0.001205512,2.464595614,1.554255299,2.832908,2.02872,80.871799,66.354983,92.310075,73.133996,79.671251,61.985178
GTGGCGTCAC,center,0.002980707,0.000559417,2.459511447,0.786490817,2.933265,2.129076,44.330795,29.813979,60.807073,41.630994,47.069414,29.383341
TTAACGTCAT,center,0.0029364,0.000888162,2.444535268,1.248749806,1.814834,1.010646,86.130536,71.61372,98.256671,79.080592,85.302498,67.616425
ATCACATCAG,non-CG,0.002914476,0.002492884,2.43704097,2.2807912,3.030894,3.030894,67.278759,67.278759,61.054122,61.054122,57.811712,57.811712
GTCATGTCAA,non-CG,0.002907521,0.001335795,2.434651754,1.656877547,0.513445,0.513445,58.095869,58.095869,49.928595,49.928595,48.118568,48.118568
GTGACGGCAT,center,0.002889942,0.001395265,2.428587359,1.700435288,2.744241,1.940052,57.180505,42.663689,79.200201,60.024122,61.768521,44.082448
ATGAAGTCAC,non-CG,0.002883846,0.001821003,2.426475746,1.966738375,2.751655,2.751655,81.697669,81.697669,84.97232,84.97232,76.375213,76.375213
GTCATGTCAT,non-CG,0.00277798,0.001266933,2.389074971,1.603949945,2.573389,2.573389,67.842041,67.842041,60.976238,60.976238,58.077365,58.077365
GTGATCTCAG,non-CG,0.002762146,0.001947938,2.38335884,2.034122304,1.933606,1.933606,50.889412,50.889412,41.341185,41.341185,40.829121,40.829121
ATTATGTCAG,non-CG,0.002761643,0.002492,2.383176719,2.280436527,3.840899,3.840899,71.298022,71.298022,67.465533,67.465533,63.145398,63.145398
ATGATGGCAT,non-CG,0.002755973,0.002924455,2.381121483,2.440459065,2.602678,2.602678,64.731549,64.731549,62.118186,62.118186,56.631772,56.631772
GCGACGTCAG,center+flank,0.002744677,0.006879037,2.377014326,3.295829598,2.582315,3.684814,59.414488,52.249012,73.531074,49.116015,59.988512,43.244763
ATGACGACAA,center,0.002687735,0.001461096,2.356049758,1.746537765,2.46301,1.658821,66.376212,51.859396,72.694135,53.518056,62.719613,45.033539
ATTGCGTCAC,center,0.002687236,0.000926023,2.355864082,1.29049472,1.87615,1.071961,54.308568,39.791753,69.458396,50.282316,55.735254,38.049181
TTCACGTCAG,center,0.002668331,0.00084861,2.34880411,1.203195364,1.827515,1.023327,63.103148,48.586332,78.397888,59.221808,64.434504,46.748431
ATGATAACAT,non-CG,0.002666677,0.003208968,2.348184054,2.533300316,2.759901,2.759901,63.363882,63.363882,24.916495,24.916495,37.792567,37.792567
CTCACATCAG,non-CG,0.002643396,0.002329526,2.33941538,2.21301574,2.707375,2.707375,51.430448,51.430448,48.171111,48.171111,44.327544,44.327544
ATGATGTGAC,non-CG,0.00261703,0.001423782,2.329391013,1.720667638,2.649969,2.649969,69.186137,69.186137,62.069033,62.069033,59.213253,59.213253
GTGACATGAC,non-CG,0.00261672,0.001284922,2.329272551,1.618048942,2.014579,2.014579,55.274603,55.274603,49.66532,49.66532,46.878962,46.878962
CTTACGCCAG,center,0.002614816,0.000718783,2.328544658,1.037155151,1.759589,0.9554,35.883086,21.36627,54.953013,35.776934,40.253357,22.567283
GTGACGGCAG,center,0.002613836,0.001021699,2.3281698,1.388817854,2.148062,1.343874,42.630642,28.113827,67.166717,47.990638,49.281056,31.594982
CTTATATCAG,non-CG,0.00260664,0.002189177,2.325412962,2.1508766,2.740428,2.740428,49.089221,49.089221,25.096793,25.096793,32.190189,32.190189
CTTACGCCAT,center,0.00260173,0.000546298,2.323527535,0.762760262,2.355767,1.551579,50.432948,35.916132,66.986497,47.810417,52.740822,35.054749
CTTATATCAC,non-CG,0.002597602,0.002302523,2.321939638,2.201356405,2.499003,2.499003,51.039309,51.039309,25.980141,25.980141,33.54474,33.54474
GTCACGTCAC,center,0.00259396,0.000832787,2.320536592,1.184373555,2.721885,1.917696,61.640279,47.123463,79.165657,59.989577,64.359251,46.673178
ATGACGGCAC,center,0.002570114,0.001309821,2.311301182,1.637241413,2.751174,1.946985,58.529787,44.012971,80.307605,61.131526,62.913658,45.227585
ACGATGTCAT,flank,0.002568257,0.066456826,2.310578385,5.56390343,3.036931,4.943618,81.515395,88.866735,68.482543,63.243564,67.339228,68.281552
ATTATGTCAC,non-CG,0.002453871,0.001855217,2.265017704,1.985352597,3.599474,3.599474,73.248109,73.248109,68.34888,68.34888,64.499948,64.499948
GTGAGGTCAG,non-CG,0.002452896,0.002071982,2.264620294,2.095856563,2.464939,2.464939,57.383694,57.383694,70.912227,70.912227,58.400695,58.400695
GGGACGTCAT,center,0.002406213,0.000998079,2.245405069,1.365428079,1.942082,1.137894,80.29492,65.778104,93.560316,74.384237,79.527635,61.841562
ATGATATGAT,non-CG,0.002390189,0.002150371,2.238723369,2.132991312,2.71062,2.71062,75.425422,75.425422,43.733442,43.733442,52.875128,52.875128
CTGACGTTAC,center,0.002388734,0.000991815,2.238114445,1.359132245,2.781564,1.977376,68.184953,53.668137,86.292713,67.116633,71.475619,53.789546
ATGACGCCAA,center,0.002365121,0.00061367,2.22818011,0.879052972,2.520994,1.716806,60.506371,45.989555,72.428083,53.252004,59.878407,42.192333
ATGGTGTCAG,non-CG,0.002310191,0.001835316,2.204681131,1.9745676,3.033126,3.033126,49.931752,49.931752,42.841711,42.841711,40.578115,40.578115
CTGAGGTCAC,non-CG,0.002296924,0.001758734,2.198921763,1.931945158,2.744532,2.744532,57.434527,57.434527,71.170103,71.170103,58.549129,58.549129
ATGATGTAAC,non-CG,0.002241768,0.002007982,2.174615767,2.064481164,3.58343,3.58343,73.273953,73.273953,68.363604,68.363604,64.515911,64.515911
CTGACATGAC,non-CG,0.002215558,0.001019128,2.162855217,1.386298286,2.535597,2.535597,53.375349,53.375349,49.039849,49.039849,45.672846,45.672846
CTGATTTCAG,non-CG,0.002210569,0.001220176,2.160600875,1.566346037,2.548652,2.548652,57.878731,57.878731,42.228822,42.228822,44.470816,44.470816
CTGAAGTCAC,non-CG,0.002207508,0.001113274,2.159215204,1.47465615,2.428136,2.428136,65.849358,65.849358,72.089309,72.089309,62.891045,62.891045
ATTATATCAC,non-CG,0.00220607,0.00149108,2.158563578,1.766851616,2.822522,2.822522,66.887621,66.887621,38.863152,38.863152,47.028908,47.028908
GTGACGACAC,center,0.002203451,0.000568801,2.157375694,0.803126284,2.840813,2.036624,49.573552,35.056736,60.334102,41.158022,49.267442,31.581369
ATGACAACAG,non-CG,0.002182167,0.002527798,2.147669346,2.294699494,3.149822,3.149822,55.212032,55.212032,42.222567,42.222567,42.719903,42.719903
GTGATGCCAT,non-CG,0.002166112,0.001763027,2.140284782,1.934383144,2.750301,2.750301,49.905474,49.905474,41.878631,41.878631,40.144349,40.144349
CTGACGTCTG,center,0.002158565,0.000709085,2.136794575,1.023571054,2.724425,1.920236,64.266172,49.749356,79.341327,60.165247,65.749808,48.063735
GTGAAGTCAG,non-CG,0.002142415,0.001005075,2.129284624,1.372413092,2.148543,2.148543,65.798525,65.798525,71.831433,71.831433,62.74261,62.74261
GAGACGTCAG,center,0.002132139,0.000775563,2.124476628,1.113184865,2.23673,1.432541,66.321937,51.805121,80.276591,61.100512,67.183786,49.497713
CCGACGTCAC,center+flank,0.002116692,0.003422182,2.117205419,2.597629286,2.861908,3.964407,59.465321,52.299845,73.78895,49.373891,60.136946,43.393197
ATGACGTCTA,center,0.002086294,0.000903764,2.102740213,1.266163912,1.584179,0.77999,84.918174,70.401358,93.210179,74.034099,81.762645,64.076572
CTGATTTCAC,non-CG,0.002035998,0.001233027,2.078337043,1.576823048,2.307227,2.307227,59.828819,59.828819,43.11217,43.11217,45.825366,45.825366
GTGATCTCAC,non-CG,0.00203596,0.001196029,2.078318378,1.546357829,1.692181,1.692181,52.839499,52.839499,42.224532,42.224532,42.183672,42.183672
CTGATCTCAC,non-CG,0.002020582,0.001684791,2.070736515,1.888992447,2.213199,2.213199,50.940245,50.940245,41.599061,41.599061,40.977556,40.977556
CTGATGCCAG,non-CG,0.002007964,0.001491395,2.0644722,1.76706285,2.67514,2.67514,33.456357,33.456357,29.219676,29.219676,26.450768,26.450768
CTCACATCAC,non-CG,0.002000056,0.001620423,2.060526107,1.850038153,2.46595,2.46595,53.380535,53.380535,49.054458,49.054458,45.682094,45.682094
GTGACGTAAA,center,0.001953298,0.000745922,2.036870152,1.074216684,2.502653,1.698465,68.576511,54.059695,85.548112,66.372033,70.826779,53.140706
CTGATGTGAC,non-CG,0.001936943,0.000871895,2.028461883,1.230264651,2.32645,2.32645,53.337826,53.337826,49.186021,49.186021,45.729085,45.729085
ATCATGTCAT,non-CG,0.001930595,0.001642124,2.025179172,1.863341452,3.417925,3.417925,81.791098,81.791098,73.233779,73.233779,70.355417,70.355417
ACGATATCAT,flank,0.001928803,0.053475308,2.02425053,5.346570941,2.259978,4.166666,75.154906,82.506246,38.996815,33.757836,49.868188,50.810512
AAGATGTCAT,non-CG,0.001923022,0.002182123,2.021248833,2.147649182,2.691345,2.691345,88.422843,88.422843,75.22806,75.22806,74.534502,74.534502
CTAACATCAT,non-CG,0.001920875,0.001594626,2.020131738,1.833990152,2.694694,2.694694,74.457836,74.457836,68.029894,68.029894,65.195538,65.195538
CTGACGGCAC,center,0.001916721,0.000848493,2.01796684,1.203057482,2.427655,1.623466,42.681476,28.16466,67.424593,48.248514,49.42949,31.743417
ATGATACCAG,non-CG,0.001913485,0.001763219,2.016277113,1.934492042,2.221707,2.221707,42.94418,42.94418,12.61696,12.61696,22.463896,22.463896
AGGACGTCAT,center,0.001905463,0.000849683,2.01207595,1.204458986,2.786619,1.98243,94.243977,79.727161,105.817857,86.641777,91.805688,74.119615
CTGGTGTCAG,non-CG,0.001892368,0.001494242,2.005179881,1.768969981,2.709608,2.709608,34.08344,34.08344,29.958699,29.958699,27.093946,27.093946
GTGAAATCAC,non-CG,0.001885612,0.001116181,2.001603363,1.477263964,1.130166,1.130166,61.388124,61.388124,43.229052,43.229052,46.62612,46.62612
ATGATGTCGT,flank,0.001884442,0.090143235,2.000982682,5.868750832,2.786387,5.415564,81.382238,88.800094,68.213186,63.050839,67.129348,68.155282
ATTATATCAG,non-CG,0.001873069,0.001378643,1.994929188,1.688450608,3.063947,3.063947,64.937533,64.937533,37.979805,37.979805,45.674357,45.674357
ATGATGACAC,non-CG,0.001866777,0.00191733,1.991564341,2.01828452,2.69925,2.69925,57.124597,57.124597,43.252087,43.252087,44.130693,44.130693
AAGATATCAT,non-CG,0.001864929,0.001826282,1.990573909,1.969633133,1.914393,1.914393,82.062354,82.062354,45.742332,45.742332,57.063462,57.063462
GTGATGTGAC,non-CG,0.001861063,0.001115131,1.988498756,1.476322813,1.805432,1.805432,55.23708,55.23708,49.811492,49.811492,46.935201,46.935201
CTGATGACAG,non-CG,0.001852004,0.001626344,1.983619222,1.853685477,2.617156,2.617156,39.326197,39.326197,29.485728,29.485728,29.291974,29.291974
CTGACGTTAA,center,0.001850125,0.000712708,1.982604131,1.028667447,1.559224,0.755036,71.038556,56.52174,86.395206,67.219126,72.649737,54.963664
ATGGCGTCAA,center,0.001845375,0.000647463,1.980033435,0.932657296,2.555461,1.751273,61.133454,46.616638,73.167107,53.991027,60.521585,42.835512
CTTTCGTCAT,center,0.001845241,0.000758007,1.979960819,1.090288268,2.253345,1.449157,56.539242,42.022426,67.68699,48.510911,55.891425,38.205352
ATGATGCCAC,non-CG,0.001804265,0.001293117,1.957504233,1.624406509,2.757234,2.757234,51.254756,51.254756,42.986035,42.986035,41.289487,41.289487
ATCACATCAC,non-CG,0.001777902,0.00201007,1.942784944,2.065520474,2.789469,2.789469,69.228847,69.228847,61.93747,61.93747,59.166263,59.166263
ATGATGGCAG,non-CG,0.001751768,0.001492642,1.92797649,1.76789863,2.006499,2.006499,50.181687,50.181687,50.084703,50.084703,44.144307,44.144307
ATGACATAAC,non-CG,0.001749685,0.001445853,1.926786698,1.736050385,3.792577,3.792577,73.311477,73.311477,68.217432,68.217432,64.459672,64.459672
ACGATGTCAG,flank,0.001732443,0.027457935,1.916883477,4.680006124,2.440752,4.34744,66.965533,74.316873,56.449059,51.21008,54.851763,55.794087
ATGATAACAG,non-CG,0.001726636,0.001628037,1.913525933,1.854725921,2.163722,2.163722,48.81402,48.81402,12.883012,12.883012,25.305102,25.305102
AAGACATCAT,non-CG,0.001725169,0.002148133,1.912675943,2.131950019,2.900492,2.900492,88.460367,88.460367,75.081888,75.081888,74.478263,74.478263
ATGGTGTCAC,non-CG,0.001722825,0.001474054,1.911316312,1.755367354,2.791702,2.791702,51.881839,51.881839,43.725058,43.725058,41.932665,41.932665
ATAACATCAG,non-CG,0.001679825,0.001435216,1.886040548,1.728666287,2.422035,2.422035,75.756286,75.756286,68.879422,68.879422,66.192241,66.192241
CTCACGTCAA,center,0.001679424,0.000537054,1.885801804,0.745694295,2.020563,1.216374,62.594627,48.077811,78.642679,59.466599,64.327253,46.64118
GCGACGTCAC,center+flank,0.001677448,0.004585705,1.884624517,2.890294783,2.34089,3.443389,61.364576,54.1991,74.414421,49.999362,61.343062,44.599313
CTGATGGCAT,non-CG,0.001672559,0.001452062,1.881705715,1.740335542,2.279159,2.279159,48.883238,48.883238,49.235174,49.235174,43.147604,43.147604
GTGAAGTCAC,non-CG,0.001670027,0.000944241,1.88019072,1.309977078,1.907118,1.907118,67.748612,67.748612,72.71478,72.71478,64.097161,64.097161
GAGACGTCAC,center,0.001664059,0.000695479,1.876610725,1.004196464,1.995305,1.191116,68.272024,53.755208,81.159939,61.983859,68.538336,50.852263
CTGACGAAAG,center,0.001651577,0.000543182,1.869081515,0.757040086,1.685559,0.881371,41.77877,27.261954,55.233789,36.05771,43.110526,25.424453
CTCACGTAAG,center,0.001640043,0.000650156,1.862073387,0.936807981,1.566631,0.762443,53.845497,39.328681,74.065344,54.889265,58.202335,40.516262
ATCATATCAC,non-CG,0.001628146,0.001471328,1.854792871,1.753516321,1.803369,1.803369,62.830835,62.830835,32.597914,32.597914,41.751461,41.751461
ATAACATCAC,non-CG,0.001613187,0.001422658,1.845562652,1.719877879,2.18061,2.18061,77.706373,77.706373,69.762769,69.762769,67.546791,67.546791
ATCACGTAAG,center,0.001595456,0.000776808,1.834510515,1.114788863,1.89015,1.085962,69.693809,55.176993,86.948356,67.772277,71.686503,54.00043
CTTACGACAT,center,0.001569134,0.001527849,1.817874801,1.79121179,2.297783,1.493594,56.302789,41.785973,67.252549,48.076469,55.582028,37.895955
CTTACGACAG,center,0.001558045,0.000633829,1.810782757,0.911374849,1.701604,0.897416,41.752927,27.236111,55.219065,36.042986,43.094562,25.408489
ATGATAGCAT,non-CG,0.001528568,0.001759918,1.791682276,1.932618143,1.825725,1.825725,58.37106,58.37106,32.632458,32.632458,39.160732,39.160732
ACGACATCAC,flank,0.00152327,0.031576499,1.788210266,4.819764068,2.408474,4.315162,68.953144,76.304484,57.186234,51.947255,56.150074,57.092398
GTGATTTCAG,non-CG,0.0015212,0.001152734,1.786850423,1.509487439,2.027634,2.027634,59.777986,59.777986,42.854294,42.854294,45.676932,45.676932
CTGATATGAT,non-CG,0.001517383,0.001371441,1.784338067,1.683212938,2.387101,2.387101,59.577111,59.577111,30.85043,30.85043,39.39096,39.39096
ATTACGCCAG,center,0.001516032,0.000565722,1.783447322,0.797698439,2.083107,1.278919,51.731397,37.214582,67.836025,48.659945,53.737525,36.051452
GTGACGGCAC,center,0.001513837,0.000798494,1.781998414,1.142323101,1.906637,1.102449,44.58073,30.063914,68.050065,48.873985,50.635606,32.949533
AGGACGTCAC,center,0.001510193,0.000682468,1.779588384,0.985311287,1.949015,1.144827,81.644202,67.127386,94.66772,75.491641,80.672773,62.9867
ATGACGCAAC,center,0.001495316,0.000416773,1.769688482,0.492137356,1.825638,1.021449,53.707329,39.190513,68.734096,49.558017,55.108039,37.421965
CTGACGACAA,center,0.001494555,0.000757005,1.76917943,1.088965506,2.139491,1.335302,50.5279,36.011084,59.811124,40.635044,49.235444,31.549371
ATGATATAAC,non-CG,0.0014942,0.001472951,1.768941873,1.754618798,2.806477,2.806477,66.913464,66.913464,38.877876,38.877876,47.044871,47.044871
ATGATGACAA,non-CG,0.001485917,0.001597268,1.763383016,1.835645596,1.47691,1.47691,59.978199,59.978199,43.35458,43.35458,45.304811,45.304811
ATTACGCCAT,center,0.001485638,0.000857882,1.763195236,1.214062208,2.679286,1.875098,66.28126,51.764444,79.869509,60.693429,66.22499,48.538917
TTCACGTCAC,center,0.001476009,0.000645822,1.75669275,0.930119571,1.58609,0.781902,65.053235,50.536419,79.281235,60.105155,65.789054,48.102981
AGGACGTCAG,center,0.001450974,0.000745031,1.739585981,1.073021476,2.19044,1.386252,79.694114,65.177298,93.784373,74.608294,79.318222,61.632149
GAGATGTCAT,non-CG,0.001440878,0.001030734,1.732603576,1.397622096,1.846809,1.846809,74.473787,74.473787,62.97052,62.97052,62.25645,62.25645
ACGATGTCAC,flank,0.001439114,0.021370427,1.731378573,4.429358977,2.199327,4.106015,68.915621,76.266961,57.332406,52.093427,56.206313,57.148637
ATTTCGTCAT,center,0.001439052,0.00068228,1.73133549,0.985035778,2.576864,1.772676,72.387554,57.870738,80.570002,61.393922,69.375594,51.689521
TTGACGTGAT,center,0.001437409,0.000827351,1.730193114,1.177824678,2.493341,1.689152,77.647823,63.131007,90.416762,71.240683,76.912721,59.226647
CTGGCGTCAA,center,0.0014335,0.00061159,1.727469933,0.875657771,2.231943,1.427754,45.285143,30.768327,60.284095,41.108016,47.037417,29.351344
GTGATAACAT,non-CG,0.001430731,0.001326246,1.725536429,1.649703321,1.915365,1.915365,49.414825,49.414825,12.658955,12.658955,25.514515,25.514515
CTTGCATCAT,non-CG,0.001430361,0.001266355,1.725277786,1.603493622,1.613282,1.613282,44.699542,44.699542,38.239793,38.239793,35.91296,35.91296
ATGATGTAAA,non-CG,0.001429455,0.001152188,1.724644179,1.50901367,2.36109,2.36109,76.127556,76.127556,68.466097,68.466097,65.69003,65.69003
ATGCTGTCAT,non-CG,0.00142862,0.001374209,1.72405987,1.685229219,2.175281,2.175281,65.147252,65.147252,62.388948,62.388948,56.94514,56.94514
CTGGTGTCAC,non-CG,0.001416403,0.001255818,1.715471486,1.595138079,2.468183,2.468183,36.033528,36.033528,30.842047,30.842047,28.448497,28.448497
GTGATGGCAT,non-CG,0.001415571,0.00138239,1.71488391,1.691164812,1.758141,1.758141,50.782493,50.782493,49.860646,49.860646,44.35372,44.35372
ATGTTGTCAG,non-CG,0.001402899,0.001422055,1.705891736,1.719453935,2.896237,2.896237,55.410962,55.410962,42.803181,42.803181,43.08554,43.08554
ATTGCATCAT,non-CG,0.001400153,0.00117098,1.703932443,1.525191931,1.936801,1.936801,60.547854,60.547854,51.122804,51.122804,49.397128,49.397128
CTGATGGCAG,non-CG,0.001375063,0.000977836,1.685850475,1.344937614,1.68298,1.68298,34.333376,34.333376,37.201691,37.201691,30.660138,30.660138
GTAACGTCAC,center,0.001369294,0.00046574,1.681646205,0.603223186,2.113026,1.308837,70.117805,55.600989,86.990957,67.814877,72.739779,55.053706
CTGACGCCAA,center,0.001367878,0.000552036,1.68061156,0.773208909,2.197475,1.393287,44.65806,30.141244,59.545072,40.368992,46.394238,28.708165
ATCATGTCAC,non-CG,0.00136522,0.001115519,1.678666514,1.476670694,2.580322,2.580322,69.191324,69.191324,62.083642,62.083642,59.222502,59.222502
CCGATGTCAT,flank,0.001350321,0.014592891,1.667693268,4.047885419,2.713412,4.620099,65.667083,73.018424,55.599531,50.360552,53.85506,54.797384
GTTACATCAG,non-CG,0.001349294,0.001165505,1.666932419,1.520505396,3.20551,3.20551,57.386488,57.386488,55.06182,55.06182,50.811106,50.811106
AAGACATCAG,non-CG,0.001332177,0.001151382,1.654165373,1.508313886,2.304314,2.304314,73.910504,73.910504,63.048404,63.048404,61.990798,61.990798
ATTACGTGAC,center,0.001330611,0.000658908,1.652989162,0.950179567,1.734417,0.930229,71.612866,57.09605,87.80237,68.626291,73.015842,55.329769
GTCACGTCAA,center,0.001319198,0.000576775,1.644374903,0.81704789,1.499545,0.695357,64.493882,49.977066,79.26815,60.092071,65.533369,47.847296
ATGACAACAC,non-CG,0.001318906,0.001025089,1.644153531,1.392130364,2.908397,2.908397,57.16212,57.16212,43.105914,43.105914,44.074454,44.074454
GTGATGCCAG,non-CG,0.001318698,0.000951175,1.643995813,1.31729371,2.154123,2.154123,35.355612,35.355612,29.845147,29.845147,27.656884,27.656884
ATGATAACAC,non-CG,0.001310676,0.001255205,1.637893961,1.594649832,1.922297,1.922297,50.764108,50.764108,13.766359,13.766359,26.659652,26.659652
ATGATGAAAT,non-CG,0.001299463,0.001233869,1.629302029,1.577505687,1.619157,1.619157,65.778932,65.778932,50.810729,50.810729,51.667358,51.667358
ATGACACCAC,non-CG,0.001295224,0.000997114,1.62603458,1.364460754,2.966381,2.966381,51.292279,51.292279,42.839862,42.839862,41.233248,41.233248
ATCATGTCAA,non-CG,0.001293035,0.001380711,1.624343095,1.68994951,1.357982,1.357982,72.044926,72.044926,62.186135,62.186135,60.39662,60.39662
ATGTTGTCAC,non-CG,0.001281054,0.001058017,1.615034103,1.423747328,2.654813,2.654813,57.36105,57.36105,43.686528,43.686528,44.44009,44.44009
CTGATAACAT,non-CG,0.001267867,0.001608957,1.604686887,1.842937069,2.436382,2.436382,47.515571,47.515571,12.033484,12.033484,24.308399,24.308399
CTGTCATCAC,non-CG,0.001265677,0.001208098,1.602958083,1.556398148,2.540441,2.540441,41.550262,41.550262,30.657344,30.657344,30.899683,30.899683
CTGACATAAA,non-CG,0.001263212,0.000442054,1.60100861,0.551027694,2.246718,2.246718,60.316768,60.316768,55.436913,55.436913,52.149623,52.149623
ATCACATCAA,non-CG,0.001262211,0.000715375,1.600215871,1.032402528,1.567129,1.567129,72.08245,72.08245,62.039963,62.039963,60.340381,60.340381
GTGACGTCTG,center,0.001251437,0.000572556,1.591643417,0.809706195,2.203407,1.399219,66.165427,51.648611,79.966798,60.790718,66.955924,49.269851
TTCACATCAT,non-CG,0.001244794,0.001045475,1.586320981,1.411822254,1.646741,1.646741,71.292521,71.292521,60.945644,60.945644,59.450929,59.450929
CTTACGTGAC,center,0.001241188,0.000744775,1.583419912,1.072677807,1.410898,0.60671,55.764555,41.247739,74.919359,55.743279,59.531673,41.8456
CTGTTGTCAG,non-CG,0.001231056,0.001011245,1.575223264,1.378533171,2.572719,2.572719,39.562651,39.562651,29.920169,29.920169,29.601371,29.601371
GTGATGACAC,non-CG,0.001226066,0.000904647,1.571161596,1.26714046,1.854713,1.854713,43.17554,43.17554,30.994546,30.994546,31.85264,31.85264
ACGACATCAG,flank,0.001220541,0.043068113,1.566645129,5.130133812,2.649899,4.556587,67.003056,74.354396,56.302887,51.063907,54.795524,55.737848
AAGACGTCAA,center,0.001218437,0.000922072,1.564919816,1.286218959,1.617502,0.813313,85.074684,70.557868,93.519972,74.343893,81.990507,64.304434
ATGATGTCGC,flank,0.001215054,0.030316093,1.562139447,4.77902962,1.948783,4.57796,68.782463,76.20032,57.06305,51.900703,55.996433,57.022367
ATGACAGCAG,non-CG,0.001206573,0.001305286,1.555135036,1.6337731,2.215646,2.215646,50.21921,50.21921,49.93853,49.93853,44.088068,44.088068
TTGTCGTCAC,center,0.001201048,0.000580897,1.550545435,0.824169108,1.660581,0.856393,53.222962,38.706146,60.884121,41.708041,51.006643,33.320569
TTGACGACAT,center,0.001198953,0.00325136,1.548799602,2.546424297,2.542622,1.738433,65.586283,51.069467,71.599816,52.423737,61.83016,44.144087
GAGATATCAT,non-CG,0.001192521,0.000998086,1.54342048,1.365435092,1.069856,1.069856,68.113298,68.113298,33.484792,33.484792,44.78541,44.78541
CTCATGTCAT,non-CG,0.001188356,0.000930618,1.539921766,1.295444529,3.094406,3.094406,65.942787,65.942787,60.350767,60.350767,56.871248,56.871248
ACGATATCAC,flank,0.001183198,0.018233891,1.535571868,4.270632932,1.422375,3.329062,62.555132,69.906472,27.846678,22.607699,38.735273,39.677597
GTGAGGTCAC,non-CG,0.001179797,0.001142785,1.532693316,1.500819192,2.223514,2.223514,59.333781,59.333781,71.795574,71.795574,59.755246,59.755246
ATAATGTCAT,non-CG,0.001173898,0.001092606,1.527680762,1.455916595,2.809066,2.809066,90.268624,90.268624,81.059078,81.059078,78.735945,78.735945
ATGATATAAA,non-CG,0.001172938,0.001488552,1.526862639,1.765154762,1.584138,1.584138,69.767067,69.767067,38.980369,38.980369,48.21899,48.21899
ATTACGACAG,center,0.00117248,0.000490659,1.52647209,0.655345033,2.025123,1.220935,57.601238,43.084422,68.102077,48.925997,56.578731,38.892658
CAGATGTCAT,non-CG,0.001169153,0.001307052,1.523630481,1.635125146,2.367826,2.367826,72.574532,72.574532,62.345048,62.345048,61.050334,61.050334
ATTACGACAT,center,0.001168397,0.001675897,1.52298365,1.883699471,2.621302,1.817113,72.1511,57.634284,80.135561,60.959481,69.066196,51.380123
ATGACAACAA,non-CG,0.001168017,0.000939638,1.522658365,1.305090342,1.686057,1.686057,60.015723,60.015723,43.208408,43.208408,45.248572,45.248572
ATGATGGCAC,non-CG,0.001160321,0.00102601,1.516047617,1.39302842,1.765074,1.765074,52.131775,52.131775,50.96805,50.96805,45.498857,45.498857
ATTGCATCAG,non-CG,0.001154648,0.000908424,1.511146462,1.271306877,1.340622,1.340622,45.997992,45.997992,39.089321,39.089321,36.909663,36.909663
GAGACATCAT,non-CG,0.00115336,0.001110343,1.510030348,1.472019903,2.055956,2.055956,74.51131,74.51131,62.824347,62.824347,62.200211,62.200211
GTGATACCAT,non-CG,0.001151781,0.001477441,1.508660366,1.757662464,1.973349,1.973349,43.544985,43.544985,12.392903,12.392903,22.673309,22.673309
ATCATGTCAG,non-CG,0.001143393,0.001076945,1.501351084,1.441479255,2.821746,2.821746,67.241236,67.241236,61.200295,61.200295,57.867951,57.867951
CAGACATCAT,non-CG,0.001142898,0.001116936,1.500918068,1.477940148,2.576973,2.576973,72.612055,72.612055,62.198876,62.198876,60.994095,60.994095
ATTACGTGAT,center,0.001142394,0.000806285,1.500476987,1.152032925,2.572021,1.767832,84.21264,69.695825,98.952507,79.776427,84.148757,66.462684
CTAACATCAG,non-CG,0.001140275,0.001029413,1.498620388,1.396339663,2.098516,2.098516,59.907974,59.907974,55.99641,55.99641,52.708073,52.708073
GTGATATTAC,non-CG,0.001138353,0.000590501,1.496933407,0.840566976,0.497495,0.497495,57.325706,57.325706,28.092901,28.092901,37.795893,37.795893
ATGATATTAC,non-CG,0.001134776,0.000802397,1.493786201,1.147199145,1.342031,1.342031,71.274763,71.274763,40.350441,40.350441,50.073945,50.073945
CTGATGCCAC,non-CG,0.001131886,0.00105516,1.491236194,1.421043341,2.433715,2.433715,35.406445,35.406445,30.103023,30.103023,27.805318,27.805318
ATGAGGTAAG,non-CG,0.001131394,0.001147252,1.490801427,1.504720444,1.39178,1.39178,67.387311,67.387311,79.578273,79.578273,67.082498,67.082498
ACGATATCAG,flank,0.001130476,0.015422924,1.489989709,4.1032059,1.6638,3.570487,60.605044,67.956384,26.963331,21.724352,37.380723,38.323046
CTTGTGTCAT,non-CG,0.001128923,0.001058477,1.488615007,1.424182009,1.404135,1.404135,44.662019,44.662019,38.385965,38.385965,35.969199,35.969199
GTAACATCAT,non-CG,0.001128298,0.000684985,1.488061229,0.988992588,2.173677,2.173677,76.357091,76.357091,68.655365,68.655365,66.401654,66.401654
CTAACGTAAG,center,0.001124819,0.000882661,1.48497306,1.242536856,0.957772,0.153584,62.323024,47.806208,81.890644,62.714565,66.582863,48.89679
GTCACGTAAC,center,0.001119766,0.000824555,1.480470661,1.174439494,0.804189,0,57.69484,43.178024,75.574163,56.398083,60.763001,43.076928
CTTTCGTCAC,center,0.001115509,0.000395477,1.476661729,0.439688279,1.415742,0.611553,43.939468,29.422652,56.536854,37.360774,44.75851,27.072437
ATTATATAAT,non-CG,0.001109454,0.001553145,1.471218929,1.807632834,1.74243,1.74243,75.541956,75.541956,46.421795,46.421795,54.565574,54.565574
ACGACGTCAA,center+flank,0.001109195,0.001646907,1.470985453,1.86624991,1.963087,3.065586,78.167235,71.00176,86.774455,62.359396,74.795233,58.051484
ATGACATAAA,non-CG,0.001108548,0.001265145,1.470401977,1.602537666,2.570237,2.570237,76.165079,76.165079,68.319925,68.319925,65.633791,65.633791
AAGATATCAC,non-CG,0.001102002,0.001059676,1.464479452,1.425314127,1.076789,1.076789,69.46258,69.46258,34.592196,34.592196,45.930547,45.930547
TTGACGACAG,center,0.001097807,0.000543758,1.46066548,0.758099942,1.946443,1.142255,51.036421,36.519605,59.566333,40.390253,49.342695,31.656621
ATCATGTAAG,non-CG,0.001094316,0.001225161,1.457480437,1.57042319,0.904051,0.904051,63.295797,63.295797,57.608801,57.608801,54.271702,54.271702
TTGGCATCAT,non-CG,0.001080775,0.000726023,1.445029303,1.047177342,1.858121,1.858121,53.983037,53.983037,42.58706,42.58706,42.161092,42.161092
CTGACGAAAT,center,0.001079663,0.00050717,1.443999882,0.6884419,2.281738,1.47755,56.328632,41.811817,67.267273,48.091193,55.597991,37.911918
AAGATGTCAG,non-CG,0.001075301,0.001279987,1.439951549,1.614200848,2.095167,2.095167,73.872981,73.872981,63.194576,63.194576,62.047037,62.047037
CTTGCATCAG,non-CG,0.00106104,0.000784379,1.426600486,1.124487969,1.017104,1.017104,30.14968,30.14968,26.206309,26.206309,23.425495,23.425495
CTGACGCAAC,center,0.00105324,0.00056026,1.419222054,0.787996609,1.502119,0.697931,37.859018,23.342202,55.851084,36.675005,41.62387,23.937797
CTTACGTAAC,center,0.001047858,0.000601035,1.414099007,0.858248816,2.344359,1.540171,59.852371,45.335555,81.21393,62.03785,64.834332,47.148259
TTAACGTCAC,center,0.001046729,0.000628779,1.41302099,0.903375491,0.977231,0.173042,73.530762,59.013946,87.106535,67.930455,74.169583,56.48351
ATTATGTCAA,non-CG,0.001036981,0.000857412,1.403664533,1.213514197,2.377135,2.377135,76.101712,76.101712,68.451373,68.451373,65.674067,65.674067
ATGGTATCAG,non-CG,0.001033497,0.001068042,1.400299124,1.433177992,2.256174,2.256174,43.571263,43.571263,13.355983,13.355983,23.107074,23.107074
AAGATATCAG,non-CG,0.001029431,0.001284468,1.396357149,1.617695551,1.318214,1.318214,67.512492,67.512492,33.708849,33.708849,44.575996,44.575996
ATAATATCAT,non-CG,0.001025494,0.001054105,1.392525374,1.420042992,2.032114,2.032114,83.908136,83.908136,51.57335,51.57335,61.264905,61.264905
ATCATGTAAT,non-CG,0.001024627,0.001822888,1.39167957,1.967772983,1.500229,1.500229,77.845659,77.845659,69.642285,69.642285,66.759167,66.759167
CTCACGTAAT,center,0.001024104,0.000485981,1.39116901,0.645765176,2.16281,1.358621,68.395359,53.878544,86.098828,66.922749,70.6898,53.003727
GCGATGTCAT,flank,0.001023551,0.025371001,1.39062888,4.600957755,2.192394,4.099082,67.566338,74.917678,56.225002,50.986023,55.061176,56.0035
CTGTTGTCAC,non-CG,0.001022901,0.000991373,1.389993634,1.358686498,2.331294,2.331294,41.512739,41.512739,30.803516,30.803516,30.955922,30.955922
TTCACATCAG,non-CG,0.001016119,0.00076655,1.383341395,1.101495575,1.050563,1.050563,56.742659,56.742659,48.91216,48.91216,46.963463,46.963463
ATTACGTAAC,center,0.001015531,0.000599963,1.382762555,0.856463634,2.667878,1.863689,75.700682,61.183866,94.096942,74.920862,78.3185,60.632427
ATTATGTGAT,non-CG,0.001013432,0.001016142,1.380693517,1.38336403,1.585921,1.585921,77.814628,77.814628,69.612952,69.612952,66.733956,66.733956
GTTATGTCAC,non-CG,0.001009181,0.000764616,1.376490037,1.098969394,2.754938,2.754938,59.299053,59.299053,56.09134,56.09134,52.221896,52.221896
CTTATGTCAA,non-CG,0.001005426,0.000853157,1.372762259,1.208539234,2.053616,2.053616,60.253401,60.253401,55.568362,55.568362,52.189899,52.189899
ATGAGGTCAA,non-CG,0.001000631,0.000836768,1.367981727,1.189142499,1.845711,1.845711,76.136441,76.136441,84.155608,84.155608,73.207416,73.207416
CAGATGTCAG,non-CG,0.000999689,0.000704335,1.367039878,1.016849743,1.771648,1.771648,58.02467,58.02467,50.311565,50.311565,48.562868,48.562868
ATTGTGTCAT,non-CG,0.000995055,0.00088633,1.362393659,1.246684989,1.727654,1.727654,60.510331,60.510331,51.268977,51.268977,49.453367,49.453367
TTGATGTCAA,non-CG,0.000993749,0.000842791,1.361080307,1.196314651,2.298455,2.298455,69.536895,69.536895,59.915629,59.915629,58.438031,58.438031
GTGATAACAC,non-CG,0.000982256,0.000728001,1.349447614,1.049898069,1.077761,1.077761,36.815051,36.815051,1.508818,1.508818,14.3816,14.3816
GTGATATAAC,non-CG,0.000974183,0.001097526,1.341194818,1.460409482,1.961941,1.961941,52.964407,52.964407,26.620336,26.620336,34.766819,34.766819
ATAATGTCAA,non-CG,0.000973801,0.000713329,1.340802618,1.029538392,0.749123,0.749123,80.522453,80.522453,70.011435,70.011435,68.777149,68.777149
CTGATGACAA,non-CG,0.000972458,0.000949759,1.339422534,1.315803916,1.153391,1.153391,44.129888,44.129888,30.471568,30.471568,31.820643,31.820643
TTTACATCAG,non-CG,0.000969732,0.00067055,1.336615392,0.967693919,2.069715,2.069715,60.799444,60.799444,55.177398,55.177398,52.24091,52.24091
ATTATATAAC,non-CG,0.000967628,0.00096303,1.334443363,1.329680211,0.904826,0.904826,62.942181,62.942181,35.271658,35.271658,43.432659,43.432659
CCGATATCAC,flank,0.000967364,0.002595905,1.334170494,2.32128613,1.098856,3.005543,46.70682,54.05816,14.963667,9.724687,25.251105,26.193428
CTCATATCAT,non-CG,0.000964505,0.000938535,1.331210664,1.303915796,2.317454,2.317454,59.582298,59.582298,30.865039,30.865039,39.400208,39.400208
CTGATGACAC,non-CG,0.000957894,0.000869112,1.324332772,1.227067648,2.375731,2.375731,41.276285,41.276285,30.369075,30.369075,30.646524,30.646524
ATAACGTAAG,center,0.00095696,0.0005329,1.323357241,0.737929437,1.281291,0.477103,78.171335,63.654519,94.773656,75.597576,80.067032,62.380959
GTTACATCAC,non-CG,0.000955504,0.000947672,1.321834597,1.313604098,2.964085,2.964085,59.336576,59.336576,55.945167,55.945167,52.165657,52.165657
ATGGCGTGAT,center,0.000955242,0.000705982,1.321560359,1.019185389,1.764248,0.960059,62.84637,48.329555,74.328685,55.152605,61.581474,43.895401
CTGGTATCAC,non-CG,0.000954419,0.000794898,1.320698426,1.137809452,1.69123,1.69123,29.673039,29.673039,1.356319,1.356319,10.977456,10.977456
GCGATATCAT,flank,0.000951228,0.018572141,1.317349429,4.289013589,1.415442,3.32213,61.205849,68.557189,26.739274,21.500295,37.590136,38.53246
CCGACATCAT,flank,0.000947413,0.019971964,1.31333076,4.361680416,2.922559,4.829247,65.704607,73.055947,55.453359,50.214379,53.798821,54.741145
ATAACGTAAC,center,0.000947413,0.001008045,1.31333076,1.375363738,1.039866,0.235678,80.121423,65.604607,95.657003,76.480924,81.421582,63.735509
AAGATGTCAC,non-CG,0.000946606,0.000947679,1.312478603,1.313611485,1.853742,1.853742,75.823069,75.823069,64.077924,64.077924,63.401587,63.401587
ATGCTGTCAG,non-CG,0.000943265,0.0007888,1.308942909,1.130108451,1.579102,1.579102,50.59739,50.59739,50.355464,50.355464,44.457675,44.457675
GTTTCGTCAT,center,0.000942688,0.000513931,1.308331016,0.701684663,1.732328,0.928139,58.438497,43.921681,68.312461,49.136382,57.097542,39.411468
ATAACGTCAA,center,0.000941006,0.000714389,1.306545163,1.031023279,1.735222,0.931034,86.920465,72.403649,99.35099,80.174911,86.19195,68.505877
GAGACATCAG,non-CG,0.000940503,0.000764505,1.306010486,1.098824213,1.459777,1.459777,59.961448,59.961448,50.790863,50.790863,49.712745,49.712745
CTTATGTGAT,non-CG,0.000935665,0.000752484,1.300853154,1.082975381,1.262402,1.262402,61.966317,61.966317,56.72994,56.72994,53.249787,53.249787
ATGGTGTCAA,non-CG,0.000933115,0.000752076,1.298124099,1.08243303,1.569362,1.569362,54.735442,54.735442,43.827551,43.827551,43.106784,43.106784
ATGACCTCAA,non-CG,0.000931082,0.00077134,1.295942998,1.107724909,2.300477,2.300477,76.040171,76.040171,83.924121,83.924121,73.050644,73.050644
GTGACGCCAA,center,0.000930148,0.000508306,1.294939361,0.690679276,1.676458,0.872269,46.557314,32.040498,60.170543,40.994463,47.600354,29.914281
ATTACCTCAT,non-CG,0.000929237,0.000896397,1.293959467,1.257979043,2.458769,2.458769,81.81506,81.81506,91.365547,91.365547,79.397228,79.397228
CTGATATTAC,non-CG,0.00092901,0.000611158,1.29371515,0.874951166,1.018512,1.018512,55.426452,55.426452,27.467429,27.467429,36.589777,36.589777
ATTACATAAG,non-CG,0.000927798,0.00097734,1.292409684,1.344430243,2.132351,2.132351,67.390106,67.390106,63.727867,63.727867,59.492909,59.492909
GTGATGGCAC,non-CG,0.000916406,0.000644951,1.280055145,0.928769992,0.920538,0.920538,38.182718,38.182718,38.710509,38.710509,33.220805,33.220805
ATGATAGCAG,non-CG,0.00091197,0.000848385,1.275202742,1.20293019,1.229547,1.229547,43.821198,43.821198,20.598975,20.598975,26.673266,26.673266
GTTATGTCAG,non-CG,0.000910176,0.000860404,1.273233635,1.216997694,2.996363,2.996363,57.348965,57.348965,55.207992,55.207992,50.867345,50.867345
AAGACATCAC,non-CG,0.000906152,0.001171133,1.26880271,1.525322583,2.062889,2.062889,75.860592,75.860592,63.931751,63.931751,63.345348,63.345348
CTGATAACAG,non-CG,0.000901223,0.000971081,1.263348377,1.338005531,1.840203,1.840203,32.965709,32.965709,0,0,11.820934,11.820934
ATGCTGTCAC,non-CG,0.000900588,0.000591793,1.262643531,0.842752559,1.337677,1.337677,52.547478,52.547478,51.238811,51.238811,45.812225,45.812225
ATTATGTAAT,non-CG,0.000900256,0.000914123,1.262274815,1.277560783,2.519382,2.519382,81.902445,81.902445,75.907523,75.907523,72.036614,72.036614
CTTACGTAAA,center,0.000894895,0.000813558,1.25630204,1.161012868,1.122019,0.317831,62.705974,48.189158,81.316423,62.140343,66.00845,48.322377
CTCATGTCAG,non-CG,0.000892453,0.000565605,1.253569499,0.797491602,2.498228,2.498228,51.392924,51.392924,48.317283,48.317283,44.383783,44.383783
GTGTCGTCAA,center,0.000890438,0.000629754,1.251309124,0.904924914,1.574036,0.769848,52.663608,38.146792,60.871036,41.694956,50.750958,33.064885
ATGTTGTCAA,non-CG,0.000888442,0.000555016,1.249065014,0.77859259,1.432473,1.432473,60.214653,60.214653,43.789021,43.789021,45.614209,45.614209
GTTACGTCAA,center,0.000884956,0.000656287,1.245133574,0.946193841,2.518698,1.714509,68.550667,54.033852,85.533388,66.357309,70.810816,53.124743
ATTACATCAA,non-CG,0.000884466,0.000815066,1.24457972,1.162864739,2.586282,2.586282,76.139235,76.139235,68.305201,68.305201,65.617828,65.617828
ATTTTGTCAT,non-CG,0.000883483,0.0007897,1.243467697,1.131248774,1.590765,1.590765,65.989541,65.989541,51.230446,51.230446,51.960792,51.960792
CTTAGGTCAT,non-CG,0.000881035,0.000838367,1.240693,1.191051599,1.680484,1.680484,66.063018,66.063018,78.714021,78.714021,66.069832,66.069832
GTGATGTTAC,non-CG,0.000870625,0.000567167,1.228806992,0.80024944,1.274447,1.274447,63.686195,63.686195,57.578629,57.578629,55.266934,55.266934
CAGATATCAT,non-CG,0.000867945,0.000909082,1.225723996,1.272030947,1.590874,1.590874,66.214043,66.214043,32.859321,32.859321,43.579294,43.579294
TTGATATCAA,non-CG,0.000867643,0.000748663,1.225375987,1.077884596,1.521502,1.521502,63.176406,63.176406,30.429901,30.429901,40.96699,40.96699
ATAATATCAG,non-CG,0.000864692,0.000688337,1.221969022,0.993874191,1.435935,1.435935,69.358273,69.358273,39.539867,39.539867,48.77744,48.77744
CTGTTATCAC,non-CG,0.000861548,0.001016619,1.218326419,1.383833342,1.554341,1.554341,35.15225,35.15225,1.317788,1.317788,13.484881,13.484881
GAGATGTCAG,non-CG,0.000858215,0.000835538,1.214450298,1.187671476,1.25063,1.25063,59.923924,59.923924,50.937036,50.937036,49.768984,49.768984
ATGACATTAC,non-CG,0.000853285,0.000685931,1.208689254,0.990372687,2.328131,2.328131,77.672775,77.672775,69.689997,69.689997,67.488747,67.488747
CTGGTATCAG,non-CG,0.000852047,0.00078953,1.207237337,1.131033479,1.932655,1.932655,27.722951,27.722951,0.472971,0.472971,9.622906,9.622906
GTGTTGTCAC,non-CG,0.000850857,0.000627249,1.205839724,0.900939238,1.810276,1.810276,43.411993,43.411993,31.428987,31.428987,32.162038,32.162038
GTGTTGTCAG,non-CG,0.000850839,0.000747702,1.205818569,1.07660015,2.051701,2.051701,41.461906,41.461906,30.54564,30.54564,30.807487,30.807487
CTGATGGCAC,non-CG,0.000850598,0.00072252,1.205535279,1.042340749,1.441555,1.441555,36.283464,36.283464,38.085038,38.085038,32.014689,32.014689
ATGACATGAA,non-CG,0.000841802,0.000587707,1.19514048,0.835824172,1.636776,1.636776,72.077263,72.077263,62.025354,62.025354,60.331133,60.331133
CTAATATCAC,non-CG,0.000839002,0.000542516,1.191808738,0.755813225,0.870991,0.870991,55.46005,55.46005,27.540202,27.540202,36.647822,36.647822
CTCACGCCAT,center,0.000837597,0.000459208,1.190132725,0.589098914,1.336614,0.532426,46.376162,31.859347,60.721259,41.545179,47.463376,29.777302
ATTATGTAAC,non-CG,0.000834751,0.000671976,1.186729124,0.969818273,1.681778,1.681778,69.30267,69.30267,64.757386,64.757386,60.903699,60.903699
CTAATGTCAT,non-CG,0.000831738,0.00088478,1.183113135,1.244934674,2.485547,2.485547,74.420313,74.420313,68.176066,68.176066,65.251777,65.251777
GTTATGCCAT,non-CG,0.000831702,0.000480461,1.183069851,0.634341707,0.84865,0.84865,45.934191,45.934191,38.272413,38.272413,36.532137,36.532137
TTGGCATCAC,non-CG,0.000828298,0.000686243,1.17896864,0.99082744,1.020518,1.020518,41.383262,41.383262,31.436923,31.436923,31.028177,31.028177
CTCATATCAC,non-CG,0.000824773,0.000619071,1.174703844,0.887815615,1.47985,1.47985,46.982523,46.982523,19.714902,19.714902,28.267293,28.267293
GTGGCATCAA,non-CG,0.000823016,0.00042498,1.172571289,0.511637756,0.933973,0.933973,40.823908,40.823908,31.423839,31.423839,30.772493,30.772493
ATTGCATCAC,non-CG,0.000818441,0.000792456,1.166996959,1.134732631,1.099197,1.099197,47.94808,47.94808,39.972668,39.972668,38.264213,38.264213
ATAATGTCAC,non-CG,0.000816649,0.000803914,1.164805029,1.149087946,1.971462,1.971462,77.66885,77.66885,69.908942,69.908942,67.60303,67.60303
CTAATGTCAG,non-CG,0.000815409,0.000595107,1.163285475,0.848336869,1.889368,1.889368,59.870451,59.870451,56.142583,56.142583,52.764312,52.764312
CCGATGTCAG,flank,0.000812866,0.005928454,1.160161922,3.147114397,2.117233,4.023921,51.117221,58.468561,43.566047,38.327068,41.367595,42.309918
ATAACATCAA,non-CG,0.000812123,0.001098543,1.159247454,1.461335683,0.95827,0.95827,80.559976,80.559976,69.865262,69.865262,68.72091,68.72091
ATGATGCAAC,non-CG,0.000809349,0.000929725,1.155825868,1.294484491,0.839538,0.839538,47.309317,47.309317,39.394541,39.394541,37.693237,37.693237
TTTATATCAC,non-CG,0.000806995,0.000774905,1.15291312,1.112336089,0.842191,0.842191,56.35152,56.35152,26.72119,26.72119,36.180659,36.180659
GTGCTGTCAT,non-CG,0.00080452,0.000577137,1.149841474,0.817675321,1.330744,1.330744,51.198195,51.198195,50.131407,50.131407,44.667088,44.667088
CAGACGTCAA,center,0.000804295,0.000827132,1.149561765,1.177559943,1.293983,0.489794,69.226372,54.709557,80.63696,61.460881,68.506339,50.820266
CTGATGTTAC,non-CG,0.000801782,0.000818012,1.146432398,1.166472654,1.795465,1.795465,61.786941,61.786941,56.953157,56.953157,54.060817,54.060817
ATCACGCCAG,center,0.000797639,0.000336152,1.141251762,0.277159086,1.063955,0.259766,47.674612,33.157796,61.570787,42.394707,48.460078,30.774005
ATGATACCAC,non-CG,0.000794779,0.000891721,1.137659736,1.252748951,1.980282,1.980282,44.894267,44.894267,13.500307,13.500307,23.818446,23.818446
GTGATGTTAG,non-CG,0.000793448,0.000652763,1.135983653,0.94080977,1.515872,1.515872,61.736108,61.736108,56.695281,56.695281,53.912383,53.912383
CCGACATCAG,flank,0.000791407,0.009790435,1.133408021,3.648756815,2.32638,4.233068,51.154745,58.506085,43.419875,38.180896,41.311356,42.253679
CTTACGCCAC,center,0.000789218,0.000600564,1.130638229,0.857464861,1.518164,0.713975,37.833174,23.316358,55.83636,36.660281,41.607907,23.921834
GTGATATTAT,non-CG,0.000788238,0.000963118,1.129395722,1.329771585,1.335098,1.335098,69.925481,69.925481,39.243037,39.243037,48.928808,48.928808
CTGTTGTCAA,non-CG,0.000787751,0.000751273,1.128777697,1.081364748,1.108954,1.108954,44.366341,44.366341,30.906009,30.906009,32.13004,32.13004
CAGATATCAG,non-CG,0.000787495,0.000805145,1.128452669,1.150618033,0.994695,0.994695,51.664181,51.664181,20.825837,20.825837,31.091828,31.091828
GCGATGTCAG,flank,0.000786512,0.009529362,1.127203627,3.621728695,1.596216,3.502903,53.016476,60.367816,44.191518,38.952539,42.573711,43.516034
ATGGTGTAAG,non-CG,0.000785583,0.000751064,1.126021765,1.081086515,1.115431,1.115431,45.986312,45.986312,39.250217,39.250217,36.981865,36.981865
GTGACGAAAT,center,0.000785429,0.000624074,1.125825713,0.895864598,1.760721,0.956532,58.227887,43.711071,67.892744,48.716665,56.804107,39.118034
CTGATGTCTG,non-CG,0.000785169,0.000777031,1.125494629,1.115075894,1.738325,1.738325,57.86816,57.86816,50.001771,50.001771,48.335006,48.335006
GTGATGGCAG,non-CG,0.00078393,0.000799886,1.123915378,1.144064865,1.161963,1.161963,36.23263,36.23263,37.827162,37.827162,31.866254,31.866254
ATTACGTAAA,center,0.000783067,0.000709479,1.122813908,1.024126545,1.445538,0.64135,78.554285,64.037469,94.199435,75.023355,79.492619,61.806546
TTGACGTAAA,center,0.000780991,0.000551284,1.120159273,0.77184575,1.366858,0.56267,71.989468,57.472652,85.66369,66.487611,72.256583,54.570509
CTGATAGCAT,non-CG,0.000778129,0.000753301,1.116487968,1.08406053,1.502206,1.502206,42.522749,42.522749,19.749447,19.749447,25.676563,25.676563
GTGGTGTCAG,non-CG,0.000775203,0.00060257,1.112720578,0.860799489,2.18859,2.18859,35.982695,35.982695,30.584171,30.584171,28.300062,28.300062
CTAACGTCAA,center,0.000775141,0.00070996,1.112640596,1.024804278,1.411703,0.607515,71.072154,56.555338,86.467979,67.291899,72.707782,55.021709
ATGGCATCAA,non-CG,0.00077277,0.000639116,1.10957711,0.919681619,1.778509,1.778509,54.772965,54.772965,43.681379,43.681379,43.050545,43.050545
CTTATGTAAG,non-CG,0.0007726,0.00081608,1.109357098,1.164108037,1.599684,1.599684,51.504271,51.504271,50.991027,50.991027,46.06498,46.06498
ATGACCTAAT,non-CG,0.000772547,0.001139176,1.109288496,1.49765612,2.442725,2.442725,81.840904,81.840904,91.380271,91.380271,79.413191,79.413191
GTGTTATCAG,non-CG,0.000772528,0.000555168,1.109263901,0.778866418,1.274749,1.274749,35.101417,35.101417,1.059912,1.059912,13.336447,13.336447
GTTATGTAAG,non-CG,0.000770359,0.000521799,1.106452287,0.716878104,1.078667,1.078667,53.403526,53.403526,51.616498,51.616498,47.271096,47.271096
GTGATGTCGG,flank,0.000769459,0.005836161,1.105283318,3.131424144,1.345672,3.974849,52.883319,60.301175,43.922162,38.759815,42.36383,43.389764
TTGATGTAAG,non-CG,0.000767837,0.000887177,1.103173118,1.247640159,1.844524,1.844524,60.787765,60.787765,55.338294,55.338294,52.313112,52.313112
ATTACCTCAG,non-CG,0.000767834,0.000605098,1.103169211,0.864986076,1.862591,1.862591,67.265198,67.265198,79.332063,79.332063,66.909762,66.909762
GTGGTATCAC,non-CG,0.000767532,0.000421447,1.10277582,0.503289676,1.170213,1.170213,31.572294,31.572294,1.98179,1.98179,12.183573,12.183573
TTGATATAAG,non-CG,0.000766524,0.000662147,1.101461656,0.955083233,1.067571,1.067571,54.427276,54.427276,25.852567,25.852567,34.842072,34.842072
GTTACGTGAT,center,0.000764176,0.000613699,1.098393776,0.879100227,1.727484,0.923296,70.263584,55.746768,86.694966,67.518887,71.870705,54.184631
GTGATGCCAC,non-CG,0.000763643,0.000561826,1.09769605,0.790787841,1.912698,1.912698,37.305699,37.305699,30.728494,30.728494,29.011434,29.011434
TTTATGTCAC,non-CG,0.000763179,0.0006485,1.097088251,0.934257651,1.619143,1.619143,62.712009,62.712009,56.206918,56.206918,53.651699,53.651699
GTGACATTAC,non-CG,0.000762171,0.000478643,1.095766587,0.630550664,1.483594,1.483594,63.723719,63.723719,57.432456,57.432456,55.210695,55.210695
GTAACGTCAA,center,0.000761276,0.000437766,1.09459162,0.541280168,0.890686,0.086497,72.971408,58.454592,87.09345,67.91737,73.913898,56.227825
ATGATATTAG,non-CG,0.000760652,0.000945957,1.093771608,1.311792761,1.583456,1.583456,69.324676,69.324676,39.467094,39.467094,48.719395,48.719395
ATTATATCAA,non-CG,0.000759274,0.000809835,1.091958361,1.156426171,1.600182,1.600182,69.741223,69.741223,38.965645,38.965645,48.203027,48.203027
CTGACCTCAA,non-CG,0.000757905,0.000345691,1.090153695,0.30514096,1.976958,1.976958,60.19186,60.19186,71.041109,71.041109,59.566476,59.566476
ATTAGGTCAG,non-CG,0.000748826,0.000665563,1.078102294,0.960228946,1.407824,1.407824,67.361467,67.361467,79.563549,79.563549,67.066535,67.066535
CAGACATCAC,non-CG,0.000748309,0.000714065,1.077411642,1.030569642,1.73937,1.73937,60.012281,60.012281,51.048739,51.048739,49.86118,49.86118
TTGACATAAC,non-CG,0.000736721,0.00068994,1.061804906,0.996200285,1.812246,1.812246,62.775376,62.775376,56.075469,56.075469,53.611424,53.611424
GAGATGTCAC,non-CG,0.000733126,0.000714966,1.056913231,1.031830636,1.009205,1.009205,61.874012,61.874012,51.820383,51.820383,51.123535,51.123535
CTGAGGTCAA,non-CG,0.000730155,0.000828162,1.052852488,1.178804435,1.522192,1.522192,60.28813,60.28813,71.272596,71.272596,59.723248,59.723248
GTTATATCAG,non-CG,0.000729743,0.000651552,1.052288065,0.938952857,2.21941,2.21941,50.988476,50.988476,25.722265,25.722265,33.396305,33.396305
GCGATATCAG,flank,0.000729018,0.004977071,1.05129407,2.972192492,0.819263,2.725951,46.655987,54.007327,14.705791,9.466811,25.10267,26.044994
ATTATGCCAT,non-CG,0.000727977,0.00069632,1.049865102,1.005404972,1.693187,1.693187,59.883247,59.883247,50.529953,50.529953,48.810189,48.810189
ATAATGTCAG,non-CG,0.000727383,0.000658869,1.049048809,0.950120376,2.212887,2.212887,75.718762,75.718762,69.025594,69.025594,66.24848,66.24848
GAGACATCAC,non-CG,0.000726351,0.000596348,1.047629016,0.850420037,1.218352,1.218352,61.911535,61.911535,51.674211,51.674211,51.067296,51.067296
CTGATGCCAA,non-CG,0.00072614,0.000703998,1.047338481,1.016371163,1.211376,1.211376,38.260047,38.260047,30.205516,30.205516,28.979437,28.979437
ATGATACCAA,non-CG,0.000722995,0.00095284,1.042997954,1.319042646,0.757942,0.757942,47.74787,47.74787,13.6028,13.6028,24.992565,24.992565
ATGACACAAC,non-CG,0.000721971,0.000523986,1.041580619,0.721060614,1.048686,1.048686,47.34684,47.34684,39.248368,39.248368,37.636998,37.636998
CTGACAACAA,non-CG,0.00071963,0.00082514,1.038332838,1.175148716,1.362538,1.362538,44.167411,44.167411,30.325396,30.325396,31.764404,31.764404
ATGGCGACAT,center,0.000719277,0.001534086,1.037842188,1.79528569,1.813529,1.00934,50.78483,36.268014,55.511739,36.335659,46.498913,28.81284
GTGATGTAAA,non-CG,0.000718812,0.000889043,1.037195497,1.249741251,1.516554,1.516554,62.178499,62.178499,56.208557,56.208557,53.411978,53.411978
CTGATGTCGC,flank,0.00071682,0.01506962,1.03442041,4.080031723,1.625265,4.254441,52.934152,60.352008,44.180038,39.017691,42.512265,43.538199
CCGATATCAT,flank,0.000713915,0.010366348,1.030359555,3.705915717,1.936459,3.843147,59.306595,66.657935,26.113803,20.874824,36.38402,37.326343
TTTATATCAG,non-CG,0.000712965,0.000666592,1.029027978,0.961773812,1.083616,1.083616,54.401432,54.401432,25.837843,25.837843,34.826109,34.826109
CTTGTGTCAC,non-CG,0.000712614,0.000739167,1.028535547,1.065119524,0.566531,0.566531,32.062245,32.062245,27.235829,27.235829,24.836284,24.836284
ATGTTGTAAT,non-CG,0.000711395,0.000848592,1.026823478,1.203174153,1.57472,1.57472,66.015385,66.015385,51.24517,51.24517,51.976756,51.976756
CTCATATCAG,non-CG,0.000709994,0.000772704,1.024852167,1.109491699,1.721275,1.721275,45.032436,45.032436,18.831555,18.831555,26.912743,26.912743
CTGACAGCAG,non-CG,0.000709864,0.000709458,1.02466905,1.024096946,1.892127,1.892127,34.370899,34.370899,37.055518,37.055518,30.603899,30.603899
CTTGTGTCAG,non-CG,0.000709393,0.000581881,1.024005322,0.825861607,0.807956,0.807956,30.112157,30.112157,26.352481,26.352481,23.481734,23.481734
GTGACAGCAC,non-CG,0.000707713,0.000581755,1.021634292,0.825645044,1.129685,1.129685,38.220241,38.220241,38.564337,38.564337,33.164566,33.164566
CCGACGTCAA,center+flank,0.000707421,0.000667648,1.02122161,0.963356736,1.639568,2.742067,62.318924,55.153448,73.891443,49.476384,61.311065,44.567316
GTGACATCTG,non-CG,0.000704528,0.000564844,1.017123722,0.796145234,1.426455,1.426455,59.804938,59.804938,50.48107,50.48107,49.484883,49.484883
ATTACATAAC,non-CG,0.000701909,0.000918542,1.013399413,1.282383278,1.890926,1.890926,69.340193,69.340193,64.611214,64.611214,60.84746,60.84746
TTCATGTCAG,non-CG,0.000701838,0.000512854,1.013298256,0.699586852,0.841415,0.841415,56.705135,56.705135,49.058332,49.058332,47.019702,47.019702
GTTTCGTCAG,center,0.000699944,0.000508841,1.010595979,0.691731238,1.136149,0.331961,43.888635,29.371819,56.278978,37.102898,44.610076,26.924003
ATTACGTTAG,center,0.000697699,0.000787594,1.007383425,1.128578376,1.444857,0.640668,78.111894,63.595078,94.686159,75.51008,79.993024,62.306951
GTGATGTCGC,flank,0.000696884,0.010113396,1.006214617,3.681211808,1.104247,3.733424,54.833407,62.251263,44.805509,39.643162,43.718381,44.744315
GTTATATCAA,non-CG,0.000695457,0.000685507,1.004164831,0.989754358,0.755646,0.755646,55.792166,55.792166,26.708105,26.708105,35.924974,35.924974
ATTATGTAAG,non-CG,0.000692683,0.000803668,1.00016811,1.148781896,1.923203,1.923203,67.352582,67.352582,63.874039,63.874039,59.549148,59.549148
CTTATGCCAT,non-CG,0.000683868,0.000769513,0.987360564,1.105353495,1.369668,1.369668,44.034936,44.034936,37.646942,37.646942,35.326021,35.326021
GTGACCTCAA,non-CG,0.000682072,0.000432079,0.984730871,0.528204089,1.455941,1.455941,62.091114,62.091114,71.666581,71.666581,60.772592,60.772592
GTGGTGTCAC,non-CG,0.000677479,0.000440164,0.977974203,0.546743032,1.947165,1.947165,37.932783,37.932783,31.467518,31.467518,29.654613,29.654613
CTAATGTCAC,non-CG,0.000675165,0.000557378,0.974552753,0.782839293,1.647943,1.647943,61.820539,61.820539,57.02593,57.02593,54.118862,54.118862
GTGAGGTCAA,non-CG,0.000671056,0.000488295,0.968448238,0.650515379,1.001174,1.001174,62.187384,62.187384,71.898067,71.898067,60.929364,60.929364
ATTGTGTCAG,non-CG,0.000670151,0.00064879,0.967098707,0.934704737,1.131475,1.131475,45.960469,45.960469,39.235493,39.235493,36.965902,36.965902
ATTATGTGAG,non-CG,0.00066782,0.000787617,0.963614324,1.128607578,0.989742,0.989742,63.264766,63.264766,57.579468,57.579468,54.24649,54.24649
ATGGTGTAAC,non-CG,0.000667761,0.000527787,0.963525972,0.728288441,0.874006,0.874006,47.9364,47.9364,40.133564,40.133564,38.336416,38.336416
ATGTCGTAAC,center,0.000666689,0.00167196,0.961919318,1.881347517,1.723216,0.919028,59.813623,45.296807,69.434589,50.25851,58.258642,40.572569
CTCACATCAA,non-CG,0.000665843,0.00067132,0.960649554,0.968841571,1.24361,1.24361,56.234138,56.234138,49.156951,49.156951,46.856213,46.856213
GTGGTGTCAA,non-CG,0.000664167,0.000493434,0.958129271,0.660984759,0.724825,0.724825,40.786385,40.786385,31.570011,31.570011,30.828732,30.828732
CTGGTGTCAA,non-CG,0.000662677,0.000582482,0.955883339,0.826893931,1.245843,1.245843,38.887131,38.887131,30.94454,30.94454,29.622615,29.622615
CTGGTGTAAT,non-CG,0.00066087,0.000598814,0.953152796,0.85454668,1.38809,1.38809,44.687863,44.687863,38.400689,38.400689,35.985162,35.985162
GTAATGTCAG,non-CG,0.000660618,0.000517722,0.952771408,0.709034066,1.368351,1.368351,61.769705,61.769705,56.768054,56.768054,53.970428,53.970428
CTTATATAAG,non-CG,0.00065959,0.000662384,0.951214077,0.955441096,0.822732,0.822732,45.143782,45.143782,21.505299,21.505299,28.59394,28.59394
ATGGCGTAAC,center,0.000657287,0.000688188,0.947716405,0.993657704,1.860105,1.055917,54.334412,39.817596,69.47312,50.29704,55.751217,38.065144
ATTACGACAC,center,0.000656752,0.000499776,0.946902121,0.673755645,1.783698,0.97951,59.551326,45.03451,68.985424,49.809345,57.933281,40.247208
ATTACGTTAT,center,0.000655133,0.000710883,0.944433916,1.026103507,2.041035,1.236847,92.661756,78.14494,106.719643,87.543564,92.480489,74.794416
ACGACGTAAT,center+flank,0.000653017,0.001232788,0.94119881,1.576629197,2.105334,3.207834,83.967968,76.802492,94.230604,69.815545,81.15778,64.414031
GTGGCGTAAC,center,0.00065218,0.000367051,0.939916245,0.36509645,1.015569,0.21138,40.385355,25.86854,57.215579,38.0395,43.473165,25.787092
GTGACATCGC,flank,0.000651127,0.007242458,0.938300355,3.347311578,1.313394,3.942571,54.87093,62.288786,44.659337,39.49699,43.662142,44.688076
CTCATGTCAA,non-CG,0.00064924,0.000714416,0.935398095,1.031061073,1.034463,1.034463,56.196615,56.196615,49.303123,49.303123,46.912452,46.912452
ATTACGTTAC,center,0.000648859,0.000633044,0.934811083,0.910135577,1.203432,0.399243,80.061981,65.545165,95.569507,76.393427,81.347574,63.661501
CTCATGTCAC,non-CG,0.00064783,0.000550095,0.933223964,0.769686638,2.256803,2.256803,53.343012,53.343012,49.20063,49.20063,45.738333,45.738333
GTTACGTAAC,center,0.000647639,0.000577055,0.93292909,0.81753323,1.823342,1.019153,61.751625,47.23481,81.839401,62.663322,66.040448,48.354375
TTGACGCCAC,center,0.000642546,0.000294012,0.925034057,0.14321623,1.763003,0.958814,47.116668,32.599852,60.183628,41.007548,47.856039,30.169966
GTTACATCAA,non-CG,0.000642189,0.000568722,0.9244783,0.802987386,1.741745,1.741745,62.190179,62.190179,56.04766,56.04766,53.339776,53.339776
TTGGTGTCAT,non-CG,0.000639962,0.000595498,0.921004447,0.848993678,1.648974,1.648974,53.945513,53.945513,42.733232,42.733232,42.217331,42.217331
CCGATGTCAC,flank,0.000638836,0.003966324,0.919243418,2.745190648,1.875808,3.782496,53.067309,60.418649,44.449394,39.210415,42.722145,43.664469
ATTATGCCAG,non-CG,0.000636693,0.00059648,0.91588324,0.850641359,1.097008,1.097008,45.333385,45.333385,38.49647,38.49647,36.322724,36.322724
TTGGTGTCAC,non-CG,0.000630568,0.000536342,0.906216648,0.744367665,0.81137,0.81137,41.345739,41.345739,31.583096,31.583096,31.084416,31.084416
GTTGCGTCAC,center,0.00062732,0.00049886,0.901052425,0.671921143,1.031613,0.227425,40.359512,25.842696,57.200855,38.024776,43.457202,25.771128
CAGATATCAC,non-CG,0.000626223,0.000890683,0.899302185,1.251584232,0.75327,0.75327,53.614269,53.614269,21.709184,21.709184,32.446378,32.446378
CTTATGTAAC,non-CG,0.000625996,0.000653139,0.898939629,0.941385618,1.358259,1.358259,53.454359,53.454359,51.874374,51.874374,47.41953,47.41953
GTTACGCCAG,center,0.000624454,0.000339576,0.896473315,0.287293428,1.238571,0.434383,37.782341,23.265525,55.578484,36.402405,41.459473,23.773399
CTTATATAAC,non-CG,0.000622097,0.00086748,0.892691677,1.225188104,0.581307,0.581307,47.09387,47.09387,22.388647,22.388647,29.94849,29.94849
ATTATATAAG,non-CG,0.000618585,0.000967724,0.887030259,1.33454257,1.146251,1.146251,60.992094,60.992094,34.388311,34.388311,42.078108,42.078108
GTGGTATCAG,non-CG,0.000616638,0.000610273,0.883877789,0.873502045,1.411638,1.411638,29.622206,29.622206,1.098443,1.098443,10.829022,10.829022
GTGACAGCAG,non-CG,0.000610862,0.000737772,0.874466722,1.063230481,1.37111,1.37111,36.270154,36.270154,37.68099,37.68099,31.810015,31.810015
ATGGCGCCAG,center,0.00060838,0.000254781,0.870395334,0,1.275335,0.471146,30.365127,15.848312,43.212203,24.036124,31.170242,13.484169
TTGGTGTCAG,non-CG,0.000608093,0.000473915,0.869923478,0.620623628,1.052795,1.052795,39.395651,39.395651,30.699749,30.699749,29.729866,29.729866
ATTGTGTCAC,non-CG,0.000605585,0.000566423,0.86579058,0.798936796,0.89005,0.89005,47.910556,47.910556,40.11884,40.11884,38.320452,38.320452
GTGGCGCCAT,center,0.000602706,0.000529392,0.861025163,0.731324826,1.026977,0.222788,30.965933,16.449117,42.988146,23.812067,31.379655,13.693582
ATGGTATCAA,non-CG,0.000600831,0.00062684,0.857909344,0.900286972,0.79241,0.79241,48.374953,48.374953,14.341824,14.341824,25.635743,25.635743
ATGGTGTAAT,non-CG,0.000599342,0.000865078,0.855428034,1.222415324,1.711609,1.711609,60.536175,60.536175,51.283701,51.283701,49.469331,49.469331
CTTACGACAC,center,0.000599182,0.000399118,0.855161039,0.44885276,1.460179,0.655991,43.703014,29.186198,56.102413,36.926333,44.449113,26.76304
CTGGTGTAAG,non-CG,0.000595342,0.000553732,0.848731678,0.776276463,0.791912,0.791912,30.138001,30.138001,26.367205,26.367205,23.497697,23.497697
GTTATGCCAG,non-CG,0.000594407,0.000650776,0.847159917,0.937761144,0.252472,0.252472,31.384328,31.384328,26.238929,26.238929,24.044671,24.044671
GTGGCGTAAT,center,0.000589381,0.00044032,0.838668481,0.547097383,1.853172,1.048984,52.98513,38.468314,68.365716,49.189636,54.60608,36.920007
ATTATACCAT,non-CG,0.000576459,0.000762879,0.816499866,1.096695082,0.916234,0.916234,53.522759,53.522759,21.044225,21.044225,31.339149,31.339149
CTGTCATCAA,non-CG,0.000573837,0.000602322,0.811941031,0.860387833,1.318101,1.318101,44.403865,44.403865,30.759837,30.759837,32.073801,32.073801
GTTATGTAAC,non-CG,0.000565306,0.00049933,0.796962825,0.672862847,0.837242,0.837242,55.353613,55.353613,52.499846,52.499846,48.625647,48.625647
TTGATGCCAG,non-CG,0.00055807,0.000436563,0.78408005,0.538528342,1.018328,1.018328,38.768568,38.768568,29.960725,29.960725,29.086687,29.086687
CTGGCGCCAG,center,0.000553347,0.0004034,0.775580939,0.459524273,0.951816,0.147627,14.516816,0,30.329191,11.153112,17.686073,0
CTTATGCCAG,non-CG,0.000553256,0.000631235,0.775416471,0.907273865,0.773489,0.773489,29.485074,29.485074,25.613458,25.613458,22.838555,22.838555
CCGATATCAG,flank,0.000548934,0.002526546,0.767573863,2.294204079,1.340281,3.246968,44.756732,52.108073,14.080319,8.84134,23.896554,24.838878
ATTATGACAG,non-CG,0.000538113,0.000705311,0.747664223,1.018234488,1.039023,1.039023,51.203226,51.203226,38.762522,38.762522,39.16393,39.16393
ATTATGCCAC,non-CG,0.000537805,0.000593724,0.747091688,0.846010212,0.855583,0.855583,47.283473,47.283473,39.379817,39.379817,37.677274,37.677274
CTGTCGTAAC,center,0.000537406,0.00055939,0.746349508,0.786442552,1.399697,0.595509,43.965312,29.448496,56.551578,37.375498,44.774474,27.088401
ATGGCGCCAT,center,0.000530637,0.000334664,0.733673819,0.272722691,1.871513,1.067325,44.91499,30.398174,55.245687,36.069607,43.657707,25.971634
GTGCTGTCAG,non-CG,0.00051346,0.000520284,0.700767777,0.713970464,0.734566,0.734566,36.648333,36.648333,38.097923,38.097923,32.179622,32.179622
CTCATGTAAT,non-CG,0.000504405,0.000545592,0.682975164,0.761467091,1.17671,1.17671,61.997347,61.997347,56.759273,56.759273,53.274999,53.274999
CTCACGTAAC,center,0.000491729,0.000519269,0.657523399,0.712017701,1.325206,0.521018,55.795585,41.278769,74.948692,55.772612,59.556885,41.870812
GTTACACCAG,non-CG,0.000483587,0.000560647,0.640826884,0.788687121,0.461619,0.461619,31.421852,31.421852,26.092757,26.092757,23.988432,23.988432
ATTACACCAC,non-CG,0.000472011,0.000577288,0.616597938,0.817936923,1.06473,1.06473,47.320996,47.320996,39.233644,39.233644,37.621035,37.621035
CTGATATTAG,non-CG,0.000471978,0.000632003,0.616528022,0.908489788,1.259937,1.259937,53.476364,53.476364,26.584082,26.584082,35.235227,35.235227
GTTACGACAC,center,0.000399886,0.000371965,0.450775154,0.378395411,0.939162,0.134973,45.602269,31.085453,56.727884,37.551804,45.655229,27.969156
CTTACACCAC,non-CG,0.000364298,0.000595493,0.357567861,0.848985281,0.741211,0.741211,31.472685,31.472685,26.350633,26.350633,24.136867,24.136867
CTTATGCCAC,non-CG,0.000362417,0.000472968,0.35239113,0.61862338,0.532064,0.532064,31.435162,31.435162,26.496805,26.496805,24.193106,24.193106